RID;class_1;class_2;class_3;cover_water;cover_shells;cover_rock;cover_channels;cover_uca;cover_macroalgae;uca_class;greeness;mangrove;area_ha;perc_finos;class_name;classname;finalclass;uca;SAR_VV;SAR_VH;B02_10;B03_10;B04_10;B08_10;B05_10;B06_10;B07_10;B08a_10;B09_10;B11_10;B12_10
2480;wet;mud;uca;25;0;0;0;100;0;H;N;N;0.07;49.48;muddy_uca;muddy_uca;muddy-with-FBA;1;198.1849646;182.5404746;590.4285714;897;999.4285714;1110.857143;1096.714286;1087.857143;1129.428571;1139.428571;1048.428571;1071.142857;694.7142857
2611;wet;sandy_mud;uca;10;0;0;5;100;0;H;N;N;0.07;23.95;muddy_uca;muddy_uca;muddy-with-FBA;1;203.01015;152.3333927;463.4285714;789.7142857;898.4285714;1073.142857;1038.571429;1063.428571;1094.428571;1113.571429;981;930.8571429;619.2857143
2458;dry;beach_sand;uca;0;0;0;0;100;0;M;N;N;0.124;NA;beach_sand_uca;beach_sand;sandy-with-FBA;1;153.4003401;130.8704581;1209.307692;1681.230769;1748;1996;1782.846154;1781.538462;1836.615385;1914.692308;1365.923077;2057.846154;1508.615385
2459;wet;beach_sand;uca;0;0;0;0;100;0;M;N;N;0.124;NA;beach_sand_uca;beach_sand;sandy-with-FBA;1;117.8471526;135.1617423;1179.846154;1632;1697.230769;1970.307692;1792.538462;1784.153846;1857.538462;1948.846154;1419;2054;1479.153846
2526;wet;sand;NA;15;0;0;0;0;0;-;N;N;0.773;NA;sandy;sandy;sandy;2;172.5196569;125.1648505;715.2948718;1097.948718;1120.897436;1307.923077;1275.371795;1260.461538;1296.064103;1339.051282;1161.397436;1015.807692;614.1410256
2524;wet;sand;NA;15;0;0;0;0;0;-;N;N;0.494;2.04;sandy;sandy;sandy;2;156.99515;130.0995522;742.82;1128.04;1133.56;1315.88;1292.24;1279.54;1306.54;1340.98;1158.2;1000.1;601.02
2525;wet;beach_sand;NA;2;0;0;0;0;0;-;N;N;0.773;2.37;beach_sand;beach_sand;sandy;2;159.1917881;125.3876355;784.2051282;1217.512821;1198.846154;1477.333333;1398.358974;1415.102564;1452.384615;1499.615385;1292.846154;1251.128205;753.3717949
2421;dry;beach_sand;uca;10;0;0;0;50;0;H;N;N;6.137;2.15;beach_sand_uca;beach_sand;sandy-with-FBA;1;NA;NA;NA;NA;NA;NA;NA;NA;NA;NA;NA;NA;NA
2510;wet;sand;NA;30;1;0;0;0;0;-;N;N;0.124;4.95;wet_sandy;wet_sandy;sandy;2;146.4260272;135.2702582;790.2727273;1170.909091;1162;1360.545455;1344;1307.818182;1347.363636;1387.090909;1209.090909;1113.636364;676.2727273
2400;dry;beach_sand;uca;0;0;0;0;100;0;M;N;N;0.193;1.15;beach_sand_uca;beach_sand;sandy-with-FBA;1;141.5217593;117.8407407;1090.55;1663.6;1831.3;2189.7;2013.9;2024;2091.85;2130.55;1505;2359.75;1794.4
2507;wet;muddy_sand;NA;30;10;0;0;0;0;-;N;N;0.07;18.16;muddy;muddy;muddy;2;80.11224107;137.5457424;799.5714286;1162;1168.285714;1367.142857;1325.571429;1306.857143;1337;1377;1183.714286;1087.142857;660.8571429
2398;dry;beach_sand;uca;0;0;0;0;100;0;M;N;N;0.124;1.55;beach_sand_uca;beach_sand;sandy-with-FBA;1;180.015262;121.5289899;1135.692308;1628;1693.538462;1978;1851.230769;1839.230769;1882.230769;1969.307692;1446;2238;1718.846154
2533;NA;muddy_sand;uca;2;0;0;1;0;0;?;N;N;0.124;12.83;muddy_uca;muddy_uca;muddy;2;215.3371041;132.8648686;594.3333333;915.0833333;1017.166667;1178.5;1150.083333;1143.083333;1177.666667;1202.916667;1066;1068.916667;696.75
2403;wet;muddy_sand;NA;90;1;0;1;0;0;-;N;N;0.379;12.29;muddy;muddy;muddy;2;67.91189803;119.6873146;615.3333333;974.4871795;1026.564103;1186.153846;1187.25641;1173.538462;1190.666667;1185.205128;1199.820513;859.7435897;562.4871795
2424;wet;sand;NA;15;0;0;0;0;0;-;N;N;1.112;3.96;sandy;sandy;sandy;2;156.5652241;116.544074;804.4464286;1252.857143;1321.964286;1483.089286;1477.991071;1409.696429;1455.428571;1500.571429;1399.830357;1351.428571;836.3482143
2386;NA;muddy_sand;uca;10;0;0;0;100;0;H;N;N;0.031;14.62;muddy_uca;muddy_uca;muddy-with-FBA;1;182.2121583;125.7942018;1055.125;1511.0625;1580.625;1846.625;1766.3125;1755.0625;1807.5625;1874.25;1454.8125;2103.375;1617.5625
2428;dry;beach_sand;uca;0;0;0;0;100;0;H;N;N;0.124;2.94;beach_sand_uca;beach_sand;sandy-with-FBA;1;205.6462864;216.2884189;714.75;1109.333333;1194.166667;1354.166667;1325.916667;1274;1302.666667;1388.083333;1370.583333;1532.75;1016.833333
2506;NA;mud;uca;0;0;0;5;100;0;H;N;N;4.45;56.18;muddy_uca;muddy_uca;muddy-with-FBA;1;202.5079795;152.554594;323.8619154;646.0757238;773.2717149;901.8396437;874.9465479;866.155902;889.467706;916.7394209;796.6971047;930.325167;615.7082405
2394;dry;beach_sand;uca;0;0;0;0;100;0;M;N;N;0.124;2.18;beach_sand_uca;beach_sand;sandy-with-FBA;1;165.3077119;158.942427;841.75;1289;1394;1603.833333;1544.25;1547.333333;1601.5;1628.416667;1544;1770.416667;1253.25
2502;wet;muddy_sand;NA;70;10;0;0;0;0;-;N;N;2.503;13.22;muddy;muddy;muddy;2;139.2148096;119.0944623;686.6694215;1067.847107;1097.805785;1311.404959;1273.892562;1265.644628;1300.892562;1326.243802;1151.173554;1061.950413;639.6446281
2527;wet;sand;NA;20;0;0;0;0;0;-;N;N;0.773;3.66;wet_sandy;wet_sandy;sandy;2;167.9426189;122.0594687;691.8831169;1071.532468;1110.597403;1300.571429;1263.12987;1253.987013;1294.649351;1333.233766;1143.337662;1002.285714;613.5064935
2483;wet;sand;uca;2;0;0;0;100;0;L;N;N;0.124;5.96;sandy_uca;sandy_uca;sandy-with-FBA;1;113.3708384;126.9772476;686.6428571;1157.857143;1246.428571;1507.285714;1404.785714;1412.714286;1469.642857;1537.571429;1273.5;1489.142857;897.7142857
2482;wet;mud;uca;25;0;0;0;100;0;H;N;N;0.031;39.51;muddy_uca;muddy_uca;muddy-with-FBA;1;202.0337912;183.4309221;521.5;841.25;963.25;1102.5;1116.25;1113.5;1142.75;1177.5;1062;1131.75;738.75
2481;wet;sandy_mud;NA;40;0;0;0;0;0;-;S;N;0.008;28.07;muddy;muddy;muddy;2;207.2254951;152.4641374;618;967;1018;1170;1098;1099;1135;1149;1062;1049;680
2485;wet;muddy_sand;uca;0;0;0;0;100;0;H;N;N;0.031;19.07;muddy_uca;muddy_uca;muddy-with-FBA;1;184.6022399;137.5476119;622.3333333;952.6666667;1060;1248.666667;1193;1191;1228;1266;1054;1201;770
2484;wet;muddy_sand;uca;0;0;0;0;100;0;H;N;N;0.008;18.07;muddy_uca;muddy_uca;muddy-with-FBA;1;169.7445672;170.6852112;622;1034;1074;1270;1202;1196;1235;1283;1116;1223;764
2479;wet;sandy_mud;uca;25;3;0;0;100;0;L;N;N;0.031;32.83;muddy_uca;muddy_uca;muddy-with-FBA;1;176.0488579;158.4116055;595.6666667;964;1042.666667;1282;1172.333333;1161.333333;1220;1239;779;1058.666667;681.6666667
2478;NA;mud;NA;0;0;0;5;0;0;H;N;N;0.278;88.59;muddy;muddy;muddy;1;202.1511775;128.8991486;715.6071429;1053.928571;1148.642857;1330.785714;1283.285714;1300.857143;1342.928571;1353.142857;1080.642857;1074.642857;674
2477;NA;mud;uca;0;0;0;5;100;0;H;N;N;0.494;88.59;muddy_uca;muddy_uca;muddy-with-FBA;1;230.738465;165.0706553;384.4489796;700.2244898;838.3877551;1034.734694;964.7142857;981.2857143;1016.959184;1057.632653;880.755102;977.4897959;637.5510204
2476;NA;mud;uca;0;0;0;5;100;0;H;N;N;4.673;88.59;muddy_uca;muddy_uca;muddy_with_FBA;2;227.8175422;189.3157433;446.611399;752.9041451;873.6813472;1042.821244;993.1865285;990.1891192;1024.525907;1048.816062;860.5466321;949.7979275;617.1139896
2475;NA;mud;uca;0;0;0;20;100;0;H;N;N;6.828;88.59;muddy_uca;muddy_uca;muddy-with-FBA;1;229.5631098;196.3604629;557.8983516;879.0302198;994.2445055;1197.038462;1131.131868;1155.563187;1190.568681;1214.445055;1018.618132;1049.96978;677.043956
2407;wet;beach_sand;NA;25;0;0;10;0;0;-;S;N;0.452;3.58;beach_sand;beach_sand;sandy;2;160.010302;128.3246984;771.9090909;1144.227273;1197.363636;1413.590909;1366.659091;1366.704545;1412.022727;1415.113636;1220.909091;1064.227273;673.7954545
2409;wet;muddy_sand;NA;40;1;0;0;0;0;-;N;N;0.031;17.8;muddy;muddy;muddy;2;189.4477447;105.7126109;747;1138;1187;1449.5;1410.5;1431.25;1454.5;1443.25;1198;978;588
2408;dry;beach_sand;uca;0;0;0;0;100;0;L;N;N;0.193;2.15;beach_sand_uca;beach_sand;sandy-with-FBA;1;160.9265891;132.2192609;916.6842105;1309.052632;1357.263158;1592.421053;1502;1495.368421;1537;1555;1227.789474;1452.105263;987.6315789
2607;dry;beach_sand;NA;5;1;0;0;0;0;-;N;N;0.124;1.88;beach_sand;beach_sand;sandy;2;209.724033;118.8410568;930.9285714;1268.428571;1244.285714;1469.428571;1431.357143;1416.357143;1459.928571;1478.5;1042.714286;1133.428571;712.4285714
2602;wet;sand;uca;10;0;0;0;80;0;H;N;N;0.124;5.99;sandy_uca;sandy_uca;sandy-with-FBA;1;189.1050157;140.223209;773.8333333;1152.333333;1211;1404.166667;1372.5;1359.5;1401.583333;1397.333333;1210;1051.75;655.5
2587;NA;muddy_sand;NA;15;5;0;0;0;0;-;N;N;0.124;13.4;muddy;muddy;muddy;2;163.3274323;155.1431909;583.2727273;954.6363636;1014;1254.727273;1199.818182;1224.727273;1249.727273;1275.636364;1080.636364;916.7272727;563
2586;NA;sand;uca;0;0;0;0;0;0;H;N;N;0.07;5.16;sandy_uca;sandy_uca;sandy;2;169.1659144;156.3277775;631.2222222;975.8888889;1046.111111;1232;1185.111111;1205.555556;1226.444444;1249.111111;1065.666667;1131.444444;737.2222222
2585;NA;sand;uca;0;0;0;0;0;0;H;N;N;0.07;4.16;sandy_uca;sandy_uca;sandy;2;158.7405261;205.6445;612;977.4285714;1038.142857;1209.714286;1171.285714;1194.285714;1225.857143;1252.142857;1023.857143;1137.714286;750.1428571
2584;NA;sand;uca;0;0;0;0;0;0;H;N;N;0.031;4.16;sandy_uca;sandy_uca;sandy;2;222.9325882;114.3833253;668.3333333;1017;1084;1268.666667;1216;1233;1253;1299;1141;1175;749
2583;NA;sand;uca;0;0;0;0;100;0;H;N;N;0.07;4.16;sandy_uca;sandy_uca;sandy-with-FBA;1;183.8782987;119.6449286;686.6666667;1043.666667;1105.666667;1274;1224.166667;1216.166667;1248.666667;1290;1104;1126.666667;740
2582;wet;sand;NA;30;2;0;0;0;0;-;N;N;0.626;7.61;wet_sandy;wet_sandy;sandy;2;183.8859503;123.0370821;709.35;1120.433333;1149.6;1413.1;1366.766667;1376.083333;1407.35;1418.933333;1157.166667;980.6;604.9333333
2581;NA;muddy_sand;NA;25;1;0;0;0;0;-;N;N;0.07;17.05;muddy;muddy;muddy;2;190.1613459;117.4568652;630.125;975.125;1042.375;1275.75;1206.375;1213.375;1252;1293.25;1033;954.125;601.125
2580;wet;mud;macroalgae;15;0;0;5;0;80;L;N;N;0.008;56.9;muddy;muddy;muddy;2;178.2023971;128.802725;589.5;948.5;994;1407.5;1326;1398;1418.5;1397;1169;1086;652.5
2598;wet;beach_sand;NA;5;0;0;0;0;0;-;N;N;0.124;1.63;beach_sand;beach_sand;sandy;2;218.6322355;114.5467908;758.1538462;1193.076923;1186.153846;1426.307692;1376.307692;1378.307692;1411.923077;1425.076923;1098;1111.846154;683.0769231
2579;wet;mud;macroalgae;15;0;0;5;0;80;-;S;N;0.07;52.74;muddy;muddy;muddy;2;197.7938551;109.5396048;543.5;940.5;976.5;1433;1306.25;1404;1431;1422.75;1169;1084;649.75
2597;wet;beach_sand;uca;20;0;0;0;50;0;M;N;N;0.494;5.12;beach_sand_uca;beach_sand;sandy-with-FBA;1;154.8025388;120.7397089;793.12;1176.8;1223.8;1421.16;1400.46;1397.28;1416.86;1431.72;1212.22;1019.22;632.78
2593;wet;beach_sand;uca;0;0;0;0;100;0;H;N;N;0.008;2.44;beach_sand_uca;beach_sand;sandy-with-FBA;1;170.4941521;78.05583305;717;1092;1146;1382;1332;1324;1353;1380;1129;1080;673
2578;wet;sandy_mud;NA;50;1;0;0;0;0;-;S;N;0.379;20.49;muddy;muddy;muddy;2;182.5744472;125.033844;673.90625;1039.3125;1123.6875;1383.6875;1331.65625;1352.15625;1382.34375;1392.75;1172;913.28125;551.03125
2592;NA;muddy_sand;NA;10;0;0;0;5;0;L;N;N;0.07;9.68;sandy;sandy;sandy;2;186.3443397;79.74514993;713.1428571;1139.142857;1170.571429;1439.142857;1407.571429;1409.857143;1436.571429;1467.142857;1210;964.5714286;583.2857143
2577;wet;mud;macroalgae;20;0;0;5;10;70;L;N;N;0.193;61.03;muddy;muddy;muddy;2;207.7299444;152.2551068;579.5263158;932.6315789;975.3684211;1279.578947;1225.105263;1252.526316;1289.947368;1279.789474;983.9473684;998.9473684;618.8421053
2591;NA;muddy_sand;NA;15;0;0;0;20;0;L;N;N;0.124;13.92;muddy;muddy;muddy;2;156.3623501;105.2749552;728;1126.833333;1162.333333;1454.166667;1414;1420.333333;1463.5;1465.666667;1208.833333;968.5;602.6666667
2576;wet;mud;macroalgae;20;0;0;5;0;70;-;S;N;0.031;46.4;muddy;muddy;muddy;2;222.6038632;113.7921845;609.6666667;955.6666667;1005.666667;1273.333333;1238.666667;1268.666667;1268;1279;898;1010;632.3333333
2590;NA;muddy_sand;NA;15;0;0;0;20;0;L;N;N;0.031;16.55;muddy;muddy;muddy;2;160.5363807;168.500452;705;1109.5;1148;1412.5;1376;1374;1411.75;1422.75;1158;963.5;594.75
2574;wet;sandy_mud;NA;25;0;0;5;10;0;L;N;N;0.07;24.39;muddy;muddy;muddy;2;205.4561018;98.06945398;650;1001.142857;1100;1318.285714;1260.285714;1264.142857;1303.857143;1301.142857;1076;1035.857143;652.5714286
2589;wet;muddy_sand;NA;15;1;0;0;15;0;L;N;N;0.031;17.34;muddy;muddy;muddy;2;144.2355612;156.6422073;708.6666667;1086;1144;1382;1320;1361;1394;1378;1122;932;582
2573;wet;muddy_sand;NA;45;0;0;0;0;0;-;N;N;0.379;9.75;wet_sandy;wet_sandy;sandy;2;139.0943262;119.2288522;782.65;1166.75;1224.1;1439.45;1406.775;1405.55;1438.975;1440.35;1148.6;1048.9;654
2572;wet;muddy_sand;NA;75;0;0;2;0;0;-;N;N;0.124;11.62;muddy;muddy;muddy;2;187.472772;132.2849954;769.9166667;1124.916667;1194.666667;1434.5;1385.75;1396.5;1432;1432.75;1218.5;1092;682.75
2414;NA;mud;uca;0;0;0;0;100;0;H;?;N;0.278;41.84;muddy_uca;muddy_uca;muddy-with-FBA;1;224.8480444;173.5946225;412.6071429;729.2857143;865.0714286;1073.107143;1007.785714;1034.392857;1064.321429;1079.714286;961.1428571;945.4285714;613.5714286
2410;wet;muddy_sand;NA;40;0;0;0;0;0;-;S;N;0.494;18.04;muddy;muddy;muddy;2;188.3851955;123.0687551;671;1064.938776;1102.55102;1435.673469;1369.55102;1415.653061;1438.489796;1440.714286;1182.204082;1001.367347;602.2244898
2426;wet;beach_sand;NA;20;0;0;0;0;0;-;N;N;0.124;2.94;beach_sand;beach_sand;sandy;2;149.0782044;102.0190653;810.6923077;1272;1341.846154;1491.538462;1480.923077;1430.153846;1459.384615;1522.384615;1432.769231;1269.538462;771.3846154
2425;NA;sand;uca;0;0;0;0;100;0;H;N;N;0.278;5.02;sandy_uca;sandy_uca;sandy-with-FBA;1;140.256965;130.3628062;706.24;1069.8;1153.12;1291.04;1265.04;1217.24;1252;1320.36;1202.88;1441.16;941.84
2430;wet;beach_sand;NA;10;0;0;0;0;0;-;N;N;1.978;3.97;beach_sand;beach_sand;sandy;2;165.4922176;121.2671249;783.0373832;1228.186916;1285.420561;1458.71028;1467;1389.691589;1440.186916;1473.364486;1313.448598;1199.635514;748.9719626
2423;NA;sand;uca;0;0;0;0;100;0;H;N;N;0.193;5.56;sandy_uca;sandy_uca;sandy-with-FBA;1;160.745617;119.0892942;613.25;1005.8;1063.05;1194.65;1161.85;1096.8;1139.15;1187.9;943.05;1280.65;863.25
2429;wet;beach_sand;NA;25;0;0;0;0;0;-;N;N;0.124;2.44;beach_sand;beach_sand;sandy;2;198.744142;133.8143364;777.2727273;1179.272727;1268;1432.363636;1413.727273;1363.454545;1411.090909;1453.363636;1363.909091;1368.454545;863.1818182
2420;dry;beach_sand;uca;10;0;0;0;50;0;M;N;N;6.374;2.16;beach_sand_uca;beach_sand;sandy-with-FBA;1;NA;NA;NA;NA;NA;NA;NA;NA;NA;NA;NA;NA;NA
2419;dry;beach_sand;uca;10;0;0;0;50;0;M;N;N;4.327;2.16;beach_sand_uca;beach_sand;sandy-with-FBA;1;188.868677;128.6501836;846.5148515;1314.950495;1420.415842;1593.920792;1551.881188;1492.722772;1554.881188;1627.564356;1589.544554;1930.009901;1334.108911
2418;dry;beach_sand;uca;15;0;0;0;50;0;H;N;N;5.776;2.15;beach_sand_uca;beach_sand;sandy-with-FBA;1;NA;NA;NA;NA;NA;NA;NA;NA;NA;NA;NA;NA;NA
2441;NA;sand;uca;0;1;0;0;100;0;H;N;N;0.124;8.58;sandy_uca;sandy_uca;sandy-with-FBA;1;118.2794403;114.6762439;718.4444444;1062.333333;1114.222222;1289.333333;1263.888889;1263.666667;1275.888889;1306.666667;1342;1140.666667;787.1111111
2440;NA;muddy_sand;NA;10;2;0;0;0;0;-;N;N;1.112;15.42;muddy;muddy;muddy;2;75.27863217;127.4327086;631.6976744;976.0232558;1050.813953;1239.488372;1229.72093;1229.162791;1254.906977;1255.604651;1073.325581;883;562.8837209
2439;NA;sand;uca;0;0;0;0;100;0;H;N;N;0.031;5.88;sandy_uca;sandy_uca;sandy-with-FBA;1;171.790297;109.241616;758.3333333;1064;1115.333333;1212;1237;1224;1240;1264;1132;1108;753
2438;NA;muddy_sand;uca;10;0;0;20;100;0;H;N;N;0.124;17.51;muddy_uca;muddy_uca;muddy-with-FBA;1;166.5406382;141.1937468;737.25;1080.583333;1112.5;1209.833333;1239.833333;1208.25;1238.416667;1234.75;1160.75;1002.75;684.25
2457;wet;muddy_sand;NA;40;0;0;0;0;0;-;S;N;0.031;10.02;muddy;muddy;muddy;2;117.5821565;98.23926808;634.75;1006;1049.75;1241.5;1206.75;1208.25;1240;1259;1138;1047;684.25
2456;wet;beach_sand;uca;0;0;0;0;100;0;M;N;N;0.193;3.33;beach_sand_uca;beach_sand;sandy-with-FBA;1;176.2446091;103.1921709;623.3333333;1003.142857;1090;1261.904762;1223.095238;1209.952381;1264.190476;1290.047619;1163;1213.952381;792.6666667
2455;dry;beach_sand;uca;0;0;0;0;100;0;M;N;N;0.193;1.99;beach_sand_uca;beach_sand;sandy-with-FBA;1;174.6902839;126.1747736;1010.052632;1405;1480.315789;1643.684211;1548.052632;1525.631579;1585.052632;1655.736842;1196.052632;1745.578947;1282.157895
2454;wet;beach_sand;NA;0;0;0;0;0;0;-;N;N;0.008;3.25;beach_sand;beach_sand;sandy;2;163.315666;142.3111043;622;1004;1086;1250;1199;1199;1219;1261;1054;1137;733
2453;NA;muddy_sand;NA;10;0;0;0;0;0;-;N;N;0.07;14.16;muddy;muddy;muddy;2;154.5961207;103.1095696;588.4285714;959;1028.714286;1229.428571;1178.285714;1173.857143;1224.142857;1238.571429;1034.571429;1130.571429;745.8571429
2452;NA;sandy_mud;uca;0;0;0;0;100;0;H;N;N;0.07;24.93;muddy_uca;muddy_uca;muddy-with-FBA;1;233.1311346;148.779997;536.6666667;834.6666667;947.8333333;1077.666667;1092;1055.666667;1105.666667;1109.333333;994;1056.333333;706
2451;NA;muddy_sand;NA;5;0;0;0;0;0;-;S;N;0.193;18.33;muddy;muddy;muddy;2;129.7331197;109.6375734;578.4285714;936;1000.071429;1202.428571;1175.857143;1156.214286;1192.428571;1201;1019.5;985.0714286;633.5
2468;wet;muddy_sand;NA;40;0;0;0;0;0;-;N;N;0.124;12.42;muddy;muddy;muddy;2;148.3516736;145.491719;570.7;895;980.3;1234.4;1156.8;1185.3;1237.2;1236.1;1239.2;868;554.3
2467;wet;sandy_mud;uca;40;0;0;1;100;0;H;N;N;0.379;22.09;muddy_uca;muddy_uca;muddy-with-FBA;1;222.4323746;167.1656692;602.7027027;903.1351351;1018.243243;1170.864865;1139.621622;1141.081081;1178.783784;1188.378378;1041.540541;941.8378378;623.4594595
2465;NA;mud;uca;0;0;0;10;100;0;H;N;N;3.09;46.22;muddy_uca;muddy_uca;muddy-with-FBA;1;212.9259288;170.4123397;345.1193548;665.2516129;802.6354839;961.5258065;915.4193548;912.2741935;952.683871;979.7064516;844.2290323;923.3741935;604.9451613
2463;NA;mud;uca;0;0;0;10;100;0;H;N;N;0.379;46.22;muddy_uca;muddy_uca;muddy-with-FBA;1;206.1595455;139.952;412.6486486;733.1081081;858.8918919;1025.621622;978.0810811;977.6756757;1014.459459;1044.891892;917.5675676;965.7027027;640.8918919
2462;NA;muddy_sand;NA;40;1;0;0;0;0;-;S;N;0.031;15.74;muddy;muddy;muddy;2;154.973802;137.6217849;555.6666667;894.3333333;959.3333333;1198;1123.666667;1120.333333;1169.333333;1194;1040;905.3333333;567
2461;dry;beach_sand;uca;0;0;0;0;100;0;M;N;N;0.008;4.88;beach_sand_uca;beach_sand;sandy-with-FBA;1;194.608445;84.73740875;623;985;1060;1362;1240;1259;1334;1406;1777;1375;907
2460;wet;sand;NA;20;0;0;0;0;0;-;N;N;0.124;4.88;wet_sandy;wet_sandy;sandy;2;179.2870292;100.4048035;655.1;1033;1088.8;1308.2;1258.5;1242.9;1286.8;1322;1198.8;1132.8;728.3
2474;dry;mud;uca;0;0;0;10;100;0;H;N;N;0.278;NA;muddy_uca;muddy_uca;muddy-with-FBA;1;217.0322066;170.3527063;393.483871;699.0322581;843.7741935;928.1612903;940.3548387;917.6774194;936.516129;943.7419355;821.8709677;858.9354839;578.7419355
2472;wet;sand;uca;0;5;0;0;100;0;H;N;N;0.193;NA;sandy_uca;sandy_uca;sandy-with-FBA;1;188.6254153;137.4972387;565.1;960.9;1059;1286;1201.95;1199.45;1253.4;1278.35;1031.75;1249.1;805.5
2471;wet;muddy_sand;NA;25;2;0;0;0;0;-;N;N;0.124;10.57;muddy;muddy;muddy;2;181.9941696;129.3408029;688.4166667;1059.833333;1124.166667;1309.833333;1284.333333;1285.416667;1304.333333;1325.083333;1124.166667;1058.666667;650.8333333
2470;wet;sand;NA;25;2;0;0;0;0;-;N;N;0.124;6.16;wet_sandy;wet_sandy;sandy;2;166.9285462;128.7693937;717.4;1087.8;1139.8;1318.8;1275.7;1267.7;1303.7;1323.6;1141.1;1095.9;690.7
2469;wet;muddy_sand;uca;30;0;0;0;100;0;M;N;N;0.124;14.09;muddy_uca;muddy_uca;muddy-with-FBA;1;189.3165082;129.2014939;693.1538462;1004.923077;1108;1233.230769;1222.538462;1197.846154;1237.307692;1229.615385;1016;967.5384615;633.5384615
2490;wet;muddy_sand;NA;15;5;0;0;0;0;-;N;N;0.07;10.65;muddy;muddy;muddy;2;159.3076093;161.523691;671.8571429;1077.428571;1144.285714;1333.714286;1307;1289.571429;1328.571429;1351.571429;1123.285714;1014.285714;609.5714286
2489;NA;mud;uca;1;0;0;10;100;0;H;N;N;1.112;72.42;muddy_uca;muddy_uca;muddy-with-FBA;1;220.0926635;168.7035586;348.2545455;677.9363636;826.4454545;1001.363636;947.8818182;951.3636364;983.1909091;1012.936364;889.7818182;938.9363636;605.6363636
2498;wet;sand;uca;0;0;0;0;100;0;H;N;N;0.124;5.65;sandy_uca;sandy_uca;sandy-with-FBA;1;170.7369088;139.6163948;557.0769231;881.2307692;970;1103.230769;1086.769231;1091.230769;1108.538462;1132.384615;1024.538462;1091.923077;744.8461538
2497;NA;sand;NA;0;1;0;0;0;0;-;N;N;0.07;8.6;sandy;sandy;sandy;2;81.27957855;111.6103835;676.2857143;1043.428571;1095.428571;1284.857143;1246.857143;1241.428571;1288.857143;1283.857143;1051;1047.857143;672.1428571
2496;wet;muddy_sand;NA;40;2;0;0;0;0;-;N;N;0.193;9.96;wet_sandy;wet_sandy;sandy;2;126.1181206;136.4212222;575.3684211;911.3157895;976.9473684;1171.684211;1150.263158;1140.842105;1186.894737;1173.947368;1008.947368;871.6315789;546.2631579
2495;NA;sandy_mud;uca;0;0;0;0;100;0;H;N;N;0.07;25.21;muddy_uca;muddy_uca;muddy-with-FBA;1;209.9222251;160.5594702;529.1428571;849.8571429;963;1110.571429;1105.571429;1085.285714;1120;1128.571429;984.8571429;999;661
2494;wet;sandy_mud;uca;40;0;0;0;100;0;H;N;N;0.278;21.4;muddy_uca;muddy_uca;muddy-with-FBA;1;195.6763043;138.1226174;694.3214286;1017.535714;1106.5;1239.642857;1218.357143;1203.75;1239.5;1247.321429;1051.714286;980.9642857;621.75
2493;wet;muddy_sand;NA;40;5;0;0;0;0;-;N;N;0.494;13.26;muddy;muddy;muddy;2;117.8071201;97.76898043;607.8846154;965.25;1034.423077;1217.423077;1190.019231;1180.153846;1207.557692;1232.057692;1037.653846;905.4423077;566.1730769
2492;NA;sandy_mud;uca;1;0;0;0;100;0;H;N;N;0.124;32.49;muddy_uca;muddy_uca;muddy-with-FBA;1;222.1445473;128.5959668;548.8461538;878;978;1158.615385;1127.461538;1122.153846;1150.153846;1170.615385;1013;986.9230769;640.5384615
2491;wet;sand;NA;40;1;0;0;0;0;-;S;N;0.278;4.44;wet_sandy;wet_sandy;sandy;2;200.5470608;141.8071661;673.8148148;1044.777778;1072.407407;1252.444444;1234.037037;1219.703704;1257.925926;1258.666667;1049;890.7037037;567.8518519
2505;wet;sandy_mud;NA;70;10;0;0;0;0;-;N;N;0.278;22.43;muddy;muddy;muddy;2;112.1987995;118.4671195;614.7586207;963.137931;1021.965517;1198.965517;1187.241379;1154.758621;1197.793103;1215.827586;1031.413793;880.4137931;521.8275862
2503;wet;muddy_sand;NA;70;10;0;0;0;0;-;N;N;0.124;16.74;muddy;muddy;muddy;2;104.4262032;126.3346517;597.6363636;944.9090909;995.9090909;1208.545455;1173.090909;1141.545455;1190.818182;1205.727273;1019.454545;871;517.5454545
2501;NA;mud;uca;0;0;0;0;0;15;?;N;N;0.07;83.66;muddy_uca;muddy_uca;muddy;2;179.9844966;204.8411592;442.5;775;869;1054.5;1017.5;1008.666667;1052.5;1056.5;939.3333333;1002.666667;664.1666667
2500;NA;mud;uca;0;0;0;5;100;0;H;S;N;0.193;94.84;muddy_uca;muddy_uca;muddy-with-FBA;1;214.6566086;208.5160393;377.65;710.6;810.85;962.95;933.8;922.85;963.4;993.1;916.8;943.7;625.95
2499;wet;muddy_sand;NA;40;2;0;0;0;0;-;S;N;1.514;9.62;wet_sandy;wet_sandy;sandy;2;64.3408976;102.0062257;594.0606061;953.0909091;1008.712121;1199.318182;1184.704545;1177.204545;1213.090909;1207.825758;1048.363636;869.9393939;546.3030303
2364;dry;sand;uca;0;0;0;0;90;0;M;N;N;0.093;1.87;sandy_uca;sandy_uca;sandy-with-FBA;1;209.8977111;105.1692565;556.6666667;937.3333333;1018.222222;1222.666667;1165.666667;1168.444444;1205;1233.333333;1020.333333;1086.888889;709.5555556
2362;wet;sand;NA;25;0;0;0;0;0;-;N;N;12.458;2.53;wet_sandy;wet_sandy;sandy;2;149.5871636;125.4849649;584.7968;942.5568;953.504;1135.6576;1109.6368;1094.4;1127.1904;1153.1488;975.0768;913.7888;595.3936
2370;wet;sand;NA;30;0;0;0;0;0;-;N;N;6.143;4.67;wet_sandy;wet_sandy;sandy;2;168.1412544;126.7818523;563.4632517;917.2405345;944.4988864;1121.732739;1089.846325;1073.378619;1110.86637;1134.383073;957.9977728;945.3853007;601.4053452
2488;NA;mud;uca;1;0;0;10;100;0;H;N;N;6.25;72.42;muddy_uca;muddy_uca;muddy-with-FBA;1;222.8682707;177.7168364;336.7599364;655.2527822;814.8585056;983.0174881;931.8807631;931.1844197;968.4785374;993.8791733;863.6057234;929.8855326;602.6041335
8D3;NA;sand;shell;5;15;0;0;0;10;-;N;N;0.496;8.88;sandy;sandy;sandy;2;117.1694579;134.3916406;593.2040816;968.9795918;1045.571429;1251.673469;1219.714286;1213.122449;1246;1257.346939;1025.163265;976.4489796;618.1428571
8D1;wet;muddy_sand;uca;15;5;0;0;80;0;M;N;N;0.793;9.03;sandy_uca;sandy_uca;sandy-with-FBA;1;163.6507789;155.7608968;560.2727273;907.974026;967.4805195;1177.688312;1145.311688;1141.87013;1169.12987;1186.779221;1010.727273;1004.103896;657.2857143
2387;NA;sand;uca;0;0;0;1;100;0;M;N;N;0.082;4.21;sandy_uca;sandy_uca;sandy-with-FBA;1;105.5599491;113.4214437;691;1047.333333;1095;1283.333333;1269.166667;1251.5;1294;1292.333333;1342;1081.5;769.3333333
2382;wet;sand;NA;35;0;0;0;0;0;-;N;N;6.291;4.27;wet_sandy;wet_sandy;sandy;2;137.3711014;117.1809656;588.1776;952.9136;990.1648;1194.4336;1171.9584;1168.3232;1194.6336;1206.7264;1018.88;932.9696;598.8496
2371;wet;sand;NA;25;0;0;0;0;0;-;N;N;6.308;3.1;wet_sandy;wet_sandy;sandy;2;173.8078524;128.801462;604.4064;962.0176;1003.0464;1197.2992;1175.0448;1166.6864;1195.6544;1213.8048;1031.8656;949.9472;617.2736
2546;NA;sandy_mud;NA;40;5;0;5;0;0;-;N;N;6.279;29.28;muddy;muddy;muddy;2;165.4740707;135.2000572;658.1086142;1009.765918;1075.552434;1285.977528;1269.337079;1278.423221;1298.041199;1289.764045;1059.636704;956.2846442;630.2397004
2365;wet;muddy_sand;NA;20;0;0;0;0;0;-;N;N;0.031;19.57;muddy;muddy;muddy;2;165.6025027;137.210031;534;908.5;959;1153;1133;1129.5;1134;1180.5;987;982;646
2363;wet;sand;NA;20;0;0;0;NA;0;-;N;N;0.278;8.57;wet_sandy;wet_sandy;sandy;2;197.7830038;137.3388017;577.9655172;934.2413793;988.3793103;1195.724138;1149.758621;1151.862069;1191.034483;1211.344828;1032.068966;1007.724138;657.137931
2359;wet;muddy_sand;NA;45;5;0;0;0;0;-;N;N;0.07;10.66;muddy;muddy;muddy;2;73.53398379;138.4371629;557.7142857;923.2857143;964.5714286;1160.571429;1122.428571;1110.571429;1121.285714;1177.285714;982.8571429;836.2857143;518.8571429
2356;NA;muddy_sand;uca;30;1;0;3;100;0;H;N;N;6.953;12.12;muddy_uca;muddy_uca;muddy-with-FBA;1;219.4585738;185.8296068;409.3015873;729.9321789;847.5815296;991.6248196;961.9090909;961.1313131;985.5209235;1002.969697;874.3506494;934.6724387;616.4473304
2383;wet;sand;NA;0;0;0;0;0;0;-;N;N;0.07;4.96;sandy;sandy;sandy;2;115.2973993;115.4875262;711.2857143;1043;1078.857143;1250.285714;1238.428571;1213.571429;1253.714286;1256.428571;1066.714286;1087.142857;716.8571429
2381;wet;sand;NA;65;1;0;0;0;0;-;N;N;0.278;8.09;wet_sandy;wet_sandy;sandy;2;77.48318141;125.3843111;636.5357143;989.9285714;1049.142857;1228.285714;1216.107143;1199.071429;1230.571429;1251.678571;1039.964286;924.5714286;585.4642857
2379;wet;beach_sand;NA;10;0;0;0;20;0;L;N;N;0.124;2.66;beach_sand;beach_sand;sandy;2;144.8267297;110.5350917;1058.916667;1449;1481.833333;1691;1650.166667;1639.25;1696.333333;1708.25;1370.5;1671.416667;1180.916667
2368;wet;muddy_sand;NA;50;5;0;0;0;0;-;N;N;0.07;15.92;muddy;muddy;muddy;2;73.32544617;129.6732694;618;937.2857143;1000.714286;1169.142857;1146.428571;1143.571429;1165.285714;1203.285714;1000;940.4285714;581.7142857
2397;wet;muddy_sand;uca;20;0;0;0;100;0;H;N;N;0.124;14.42;muddy_uca;muddy_uca;muddy-with-FBA;1;233.0261021;182.6307694;660.0909091;981;1046.181818;1165.090909;1174.454545;1145.727273;1158.272727;1166.545455;987.0909091;1021.272727;690.1818182
2392;wet;muddy_sand;NA;60;1;0;0;0;0;-;N;N;0.193;16.01;muddy;muddy;muddy;2;146.9017144;99.12109671;662.5789474;1020.894737;1102.315789;1276.631579;1261.210526;1245.210526;1285.526316;1287.842105;1071.789474;888.0526316;555.3684211
2391;NA;sandy_mud;uca;0;0;0;1;100;0;H;N;N;0.278;29.22;muddy_uca;muddy_uca;muddy-with-FBA;1;201.1779593;124.2523375;580.962963;903.1481481;1001.851852;1119.37037;1107.703704;1103.296296;1113.703704;1126.407407;980.6666667;1003.074074;681.3703704
2389;wet;muddy_sand;uca;40;1;0;0;100;0;H;N;N;0.07;18.21;muddy_uca;muddy_uca;muddy-with-FBA;1;187.6811914;148.6686834;759.3333333;1075;1152.333333;1251;1280;1250.666667;1273.666667;1273;1028;1036.333333;677
2388;wet;muddy_sand;NA;85;1;0;0;0;0;-;N;N;0.124;10.66;muddy;muddy;muddy;2;133.1248149;121.5235735;651.6363636;1012.090909;1092.909091;1280.909091;1267.727273;1255.636364;1291.272727;1309.909091;1095.090909;856.8181818;523.3636364
2401;wet;sand;uca;20;0;0;2;100;0;H;N;N;0.031;7.44;sandy_uca;sandy_uca;sandy-with-FBA;1;176.090275;89.59740156;577.5;919;1003.5;1146;1150.5;1167.5;1189;1193.5;1102;1127.5;773.5
2613;wet;muddy_sand;uca;10;0;0;0;100;0;H;N;N;0.07;17.14;muddy_uca;muddy_uca;muddy-with-FBA;1;195.969016;162.4134645;519;834.1428571;938.7142857;1118.857143;1054.428571;1086.714286;1102;1141.285714;992;946.1428571;623.2857143
2610;wet;muddy_sand;uca;30;0;0;0;100;0;H;N;N;0.124;13.28;muddy_uca;muddy_uca;muddy-with-FBA;1;151.3925513;119.1073819;680.3846154;1001.307692;1092.307692;1264.153846;1235.461538;1231.846154;1261.307692;1267.615385;1070.692308;1044;671.3076923
2609;wet;muddy_sand;NA;70;2;0;0;0;0;-;N;N;0.494;9.13;wet_sandy;wet_sandy;sandy;2;100.4680364;108.0562929;557.1346154;928.1346154;1016.211538;1237.423077;1198.442308;1201.596154;1239.461538;1265.75;1064.076923;817.6923077;484.5
2608;wet;muddy_sand;uca;40;0;0;5;100;0;H;N;N;0.626;12.06;muddy_uca;muddy_uca;muddy-with-FBA;1;153.347123;128.5997114;590.45;902.3333333;1006.516667;1219.633333;1167.116667;1197.65;1228.933333;1254;1041.85;966.1833333;617.6666667
2622;dry;beach_sand;uca;0;0;0;0;100;0;M;N;N;0.193;1.87;beach_sand_uca;beach_sand;sandy-with-FBA;1;173.65337;139.8908923;762.8;1166.5;1241.3;1428.6;1367.2;1360.15;1398.6;1463.7;1167.35;1482.1;1000.95
2621;dry;beach_sand;uca;0;0;0;0;50;0;L;N;N;0.124;2.66;beach_sand_uca;beach_sand;sandy-with-FBA;1;136.7645067;133.3101898;695.8333333;1088.5;1153.166667;1343.166667;1311.333333;1274;1327.666667;1375;1143;1285.666667;840.6666667
2620;NA;sand;uca;0;1;0;0;100;0;H;N;N;0.124;3.3;sandy_uca;sandy_uca;sandy-with-FBA;1;115.5602203;121.8859421;654.25;992.8333333;1074.25;1266.166667;1205.666667;1211.5;1264.166667;1307.833333;1109;1211.833333;796.8333333
2619;NA;sand;uca;0;0;0;0;100;0;H;N;N;0.124;4.79;sandy_uca;sandy_uca;sandy-with-FBA;1;162.8304235;127.0233201;701.5454545;1053.181818;1120.545455;1306;1255.636364;1269.818182;1254.909091;1293.909091;1128.181818;1141.363636;737.6363636
2618;wet;muddy_sand;uca;15;1;0;0;100;0;H;N;N;0.124;17.76;muddy_uca;muddy_uca;muddy-with-FBA;1;195.0079427;105.9219914;700.6153846;1029.461538;1130.153846;1268.307692;1262.461538;1259.307692;1268.153846;1294.923077;1088;1021.692308;645.4615385
2617;wet;muddy_sand;uca;15;1;0;0;100;0;H;N;N;0.124;12.61;muddy_uca;muddy_uca;muddy-with-FBA;1;216.9739847;139.2903194;713.0769231;1052.923077;1134.307692;1274.461538;1258.769231;1244.307692;1276.230769;1296;1095.076923;1009.461538;625.9230769
2616;wet;muddy_sand;uca;20;1;0;0;100;0;H;N;N;0.494;11.42;muddy_uca;muddy_uca;muddy-with-FBA;1;185.4089352;134.525452;700.6326531;1029.938776;1112.816327;1248.204082;1232.530612;1227.938776;1255.530612;1258.836735;1061.979592;993.5918367;629.8163265
2615;wet;muddy_sand;uca;20;1;0;0;100;0;H;N;N;0.193;18.02;muddy_uca;muddy_uca;muddy-with-FBA;1;205.924239;168.6730416;645.1666667;987.7222222;1067.777778;1216.888889;1206.277778;1196.611111;1222.388889;1225.444444;1037.777778;937.3888889;595.7777778
2630;NA;mud;NA;5;1;0;0;0;0;-;N;N;0.008;50.28;muddy;muddy;muddy;2;178.0644196;128.0145211;623;943;992;1192;1198;1173;1215;1255;1020;1144;756
2629;NA;mud;NA;5;1;0;0;0;0;-;N;N;0.008;58.74;muddy;muddy;muddy;2;163.2462123;133.1004488;559.25;890.5;979.25;1154;1150;1140;1161;1192;1020;1109;722
2628;wet;mud;uca;0;1;0;0;100;0;H;N;N;0.07;NA;muddy_uca;muddy_uca;muddy-with-FBA;1;187.0769927;152.5903118;533;882.5714286;1005.142857;1135.428571;1142.857143;1091.142857;1127;1163.142857;954;1051;695.8571429
2627;wet;mud;uca;0;1;0;0;100;0;H;N;N;0.031;NA;muddy_uca;muddy_uca;muddy-with-FBA;1;186.4369601;78.59051401;564;940;973;1144;1178;1128;1225;1208;954;1047;691
2626;wet;muddy_sand;NA;10;2;0;0;0;0;-;N;N;0.124;14.48;muddy;muddy;muddy;2;160.3939961;147.4063395;546.7692308;886.2307692;977.4615385;1140.461538;1116.615385;1107.923077;1126;1152.769231;965.1538462;894.1538462;563.6153846
2625;wet;muddy_sand;NA;15;1;0;0;0;0;-;N;N;0.07;17.38;muddy;muddy;muddy;2;144.0641687;142.4146596;585;925.4285714;995.8571429;1172.857143;1125.428571;1110.428571;1144.428571;1174;959;957.1428571;608.5714286
2624;wet;muddy_sand;NA;15;1;0;0;0;0;-;N;N;0.031;17.05;muddy;muddy;muddy;2;171.4656884;117.1215247;598;877;999;1139;1130;1093;1121.5;1126;911;927;597.5
2623;NA;sandy_mud;NA;10;1;0;0;0;0;-;S;N;0.193;24.9;muddy;muddy;muddy;2;152.3742994;105.366285;618.8;967;1042.45;1230.9;1217.45;1188.45;1235.95;1244.6;1043.6;1085.8;702.2
8D4;wet;sand;NA;20;0;0;0;0;0;-;N;N;0.031;8.57;wet_sandy;wet_sandy;sandy;2;105.9374142;116.5354694;608.5;953;1000.25;1169;1174;1142;1200;1172;1007;878;561
2514;wet;sandy_mud;NA;35;10;0;0;0;0;-;N;N;0.193;29.1;muddy;muddy;muddy;2;140.7251982;115.6096253;609.8947368;975.6315789;1076.631579;1234.421053;1211.105263;1185.684211;1213.368421;1251.105263;994.6315789;1019.157895;642.7894737
2513;wet;sandy_mud;NA;60;10;0;0;0;0;-;N;N;0.494;24.06;muddy;muddy;muddy;2;146.7737515;134.5079193;578.8367347;927.0816327;1026.285714;1210.44898;1174.653061;1161.183673;1200;1233.326531;1038.408163;960.5714286;586.2244898
2512;wet;muddy_sand;uca;20;0;0;0;100;0;H;N;N;0.124;9.07;sandy_uca;sandy_uca;sandy-with-FBA;1;178.9052099;148.3554292;526.6923077;861.1538462;975.3846154;1129.076923;1093.153846;1095.615385;1130.230769;1163.230769;1042.384615;1098.307692;722.6923077
2511;wet;sandy_mud;NA;70;10;0;0;0;0;-;N;N;0.379;24.45;muddy;muddy;muddy;2;135.3369048;107.3584145;544.7894737;890.5;1011.526316;1207.789474;1170.894737;1171.605263;1201.842105;1233.710526;1049.842105;874.5263158;528.4736842
2508;NA;mud;uca;0;0;0;5;100;0;H;N;N;0.07;56.18;muddy_uca;muddy_uca;muddy-with-FBA;1;201.8762131;148.6070134;620;933.625;1007.375;1105.75;1090;1010.75;1063.25;1089;821.5;984.5;635.25
2523;wet;muddy_sand;NA;15;5;0;5;0;0;-;N;N;0.124;11.48;muddy;muddy;muddy;2;148.0947378;102.5071459;729;1091;1132;1325;1290.916667;1263.166667;1314.666667;1326.666667;1145;1098.75;684.25
2522;wet;sand;NA;2;1;0;0;0;0;-;N;N;0.07;3.28;sandy;sandy;sandy;2;187.5227185;149.07222;714.6666667;1030;1111.333333;1240;1196;1202.333333;1214;1265.666667;1074;1205.666667;780
2521;wet;sand;NA;2;1;0;0;0;0;-;N;N;0.773;3.28;sandy;sandy;sandy;2;199.9169032;120.1023499;700.4358974;1045.294872;1108.987179;1278.076923;1236.782051;1232.474359;1263.5;1294.525641;1104.935897;1170.858974;747.0384615
2520;wet;sand;uca;1;0;0;0;100;0;H;N;N;0.193;6.84;sandy_uca;sandy_uca;sandy-with-FBA;1;151.0699579;130.5545981;576.4;904.2;996.65;1155.4;1130.55;1110.95;1141.4;1172;1003.8;1106.6;731.05
2519;NA;mud;uca;1;0;0;0;100;0;H;N;N;3.09;44.12;muddy_uca;muddy_uca;muddy-with-FBA;1;222.606188;185.5598862;367.316726;679.0320285;830.0035587;993.7295374;952.3309609;947.5800712;978.4092527;1005.099644;856.3879004;945.4448399;619.9857651
2518;wet;sandy_mud;NA;30;1;0;0;0;0;-;N;N;0.008;21.56;muddy;muddy;muddy;2;176.7835329;163.6447326;614;949;1030;1172;1138;1094;1141;1168;981;913;586
2517;wet;sand;uca;0;0;0;0;100;0;M;N;N;0.031;3.48;sandy_uca;sandy_uca;sandy-with-FBA;1;180.8714964;228.9976753;599.5;907.5;1014.5;1145.5;1111.75;1092;1135;1176;1022;1179;772.5
2516;NA;sand;uca;0;10;0;0;100;0;H;N;N;0.031;7.42;sandy_uca;sandy_uca;sandy-with-FBA;1;173.2598139;110.7486278;417.75;763;879.25;1042.5;1011.75;1010.25;1058.75;1089.5;969;1108.25;744.5
2531;wet;sand;NA;0;0;0;0;0;0;-;N;N;0.494;3.61;sandy;sandy;sandy;2;175.7928681;114.4820178;660.8;1027.86;1090.64;1290.76;1235.6;1245.56;1278.66;1316.92;1119.36;1107.84;687.54
2530;NA;muddy_sand;uca;0;0;0;0;0;0;?;N;N;0.008;17.92;muddy_uca;muddy_uca;muddy;2;224.0028564;196.0808789;479;807;945;1108;1065;1038;1085;1094;925;1000;666
2529;wet;muddy_sand;NA;20;0;0;0;0;0;-;N;N;0.07;11.1;muddy;muddy;muddy;2;183.1257866;78.02617967;543.8571429;884.8571429;988.1428571;1179.714286;1143.428571;1148.714286;1183.142857;1193.714286;1028.571429;913.2857143;562.1428571
2528;wet;muddy_sand;uca;0;0;0;0;100;0;M;N;N;0.031;9.4;sandy_uca;sandy_uca;sandy-with-FBA;1;211.5995956;114.5402087;655.3333333;946.3333333;1062.666667;1207.333333;1191.333333;1166;1221.666667;1244;1056.333333;1113.666667;718
2542;wet;sandy_mud;NA;20;0;0;5;0;0;-;N;N;0.07;18.83;muddy;muddy;muddy;2;182.1976675;127.0011332;664.2857143;1002.714286;1086.571429;1287.428571;1260.285714;1265.714286;1288;1292.714286;1097;1011.714286;641
2541;wet;sand;uca;0;10;0;0;100;0;H;N;N;0.07;8.08;sandy_uca;sandy_uca;sandy-with-FBA;1;169.3782709;122.476276;592;903.4285714;1005.142857;1184;1165.857143;1163.714286;1202.714286;1220.571429;1053.714286;1070.285714;696.8571429
2540;NA;muddy_sand;uca;0;5;0;0;100;0;H;N;N;0.07;13.78;muddy_uca;muddy_uca;muddy-with-FBA;1;165.1149964;159.3397654;732.1428571;1071.714286;1173.428571;1338;1295.714286;1301.857143;1315.142857;1337.857143;1023;1059.714286;680.7142857
2539;NA;mud;uca;2;0;0;0;100;0;H;N;N;0.008;NA;muddy_uca;muddy_uca;muddy-with-FBA;1;186.0659435;237.6410333;574;915;1032;1238;1130;1152;1172;1196;1154;1033;657
2538;wet;muddy_sand;macroalgae;20;30;0;0;0;50;-;N;N;0.008;12.68;muddy;muddy;muddy;2;175.4160993;174.4279318;658;1028;1136;1332;1249;1231;1241;1271;938;968;590
2537;wet;muddy_sand;NA;15;30;0;0;0;0;-;N;N;0.031;NA;sandy;sandy;sandy;2;211.689827;156.8638033;712.5;1074;1155;1316;1184;1061;1071;1049;994;868;543
2553;wet;muddy_sand;uca;0;0;0;5;100;0;H;N;N;0.124;10.98;muddy_uca;muddy_uca;muddy-with-FBA;1;172.5862406;132.4513337;524;869.9285714;971.7142857;1113;1112.428571;1108.214286;1116.785714;1150.428571;1017.642857;1051.071429;695.3571429
2552;wet;sand;NA;15;0;0;0;0;0;-;S;N;0.124;2.74;sandy;sandy;sandy;2;162.7774414;127.5296061;670.0909091;1038.272727;1047.909091;1195.090909;1195.090909;1169.636364;1207.818182;1205.272727;1057.545455;1001.545455;648.6363636
2551;wet;sand;uca;1;0;0;0;100;0;L;N;N;0.07;1.94;sandy_uca;sandy_uca;sandy-with-FBA;1;171.4306049;140.5715056;662.375;1028;1026.625;1187.75;1160.5;1151.25;1168.625;1172.125;1021;1034.375;679
2550;wet;sandy_mud;uca;0;0;0;0;100;0;H;N;N;0.07;26.79;muddy_uca;muddy_uca;muddy-with-FBA;1;201.8629993;116.8661638;488.1428571;835;916.7142857;1083.714286;1070.142857;1056.714286;1061.714286;1107.714286;1014.285714;1036.857143;685.2857143
2545;wet;beach_sand;uca;0;0;0;0;100;0;M;N;N;0.626;2.15;beach_sand_uca;beach_sand;sandy-with-FBA;1;179.411841;147.217758;757.4590164;1147.262295;1219.770492;1406.295082;1368.967213;1356.786885;1392.508197;1433;1193.655738;1285.114754;825.6721311
2544;NA;mud;uca;0;0;0;0;100;0;H;N;N;0.07;60.49;muddy_uca;muddy_uca;muddy-with-FBA;1;226.3508039;223.2120235;405;707.5;849.625;1016.625;960.625;977.125;1012.125;1047.75;932.25;923.875;610.125
2543;wet;sand;uca;2;15;0;0;100;0;H;N;N;0.124;7.03;sandy_uca;sandy_uca;sandy-with-FBA;1;232.8633024;103.0666132;637.4615385;962.5384615;1068.153846;1235.384615;1200.461538;1200.615385;1224.769231;1267.076923;1086.230769;1108.461538;727.2307692
2562;wet;sandy_mud;NA;30;0;0;5;0;20;-;S;N;0.773;32.5;muddy;muddy;muddy;2;214.6360885;139.1234211;716.6282051;1047.794872;1097.615385;1286.179487;1281.858974;1292.628205;1304.512821;1278.769231;1051.564103;964.3846154;636.1923077
2561;wet;mud;green;40;0;0;5;0;50;-;S;N;0.124;56.41;muddy;muddy;muddy;2;212.7578088;121.8559592;704.6666667;1041.666667;1071.833333;1297.666667;1274.333333;1301.666667;1321.833333;1285.166667;1049.666667;965.1666667;634.6666667
2559;wet;mud;NA;40;0;0;0;0;0;-;N;N;0.124;NA;muddy;muddy;muddy;2;177.5003901;147.740187;733.3636364;1070.181818;1113.636364;1285.272727;1301;1302;1294.181818;1276.090909;1039;931.1818182;627.9090909
2558;wet;sandy_mud;NA;30;1;0;10;0;0;-;N;N;0.773;31.74;muddy;muddy;muddy;2;178.7548391;121.1729945;729.7662338;1067.064935;1105.74026;1295.636364;1299.493506;1308.363636;1315.155844;1283.246753;1063.090909;947.5324675;636.6233766
2557;wet;mud;green;30;0;0;0;0;50;-;S;N;0.494;59.15;muddy;muddy;muddy;2;220.8658841;150.9633616;756.9183673;1080.285714;1094.612245;1302.408163;1301.612245;1309.020408;1329.387755;1295.061224;1088.836735;1017.020408;677.2244898
2555;dry;sand;NA;15;0;0;0;0;0;-;S;N;0.031;3.47;sandy;sandy;sandy;2;170.6457653;147.4091307;655.75;1018.5;1064;1201;1169;1156;1171;1231;1036;1069;706
2554;dry;sand;NA;15;0;0;0;0;0;-;S;N;0.07;3.47;sandy;sandy;sandy;2;148.4384934;125.5222942;660.1428571;1022;1028;1176.571429;1140.857143;1112.571429;1158.142857;1178.571429;1014.285714;1052.428571;693.5714286
2571;wet;muddy_sand;uca;0;0;0;0;100;0;H;S;N;0.07;9.97;sandy_uca;sandy_uca;sandy-with-FBA;1;158.734247;158.5396237;609.5714286;952.7142857;1007.428571;1134.285714;1113.714286;1127.428571;1140.285714;1141.857143;974.4285714;1051.714286;683.7142857
2569;dry;sand;NA;5;0;0;0;0;0;-;N;N;0.193;1.68;sandy;sandy;sandy;2;191.8590008;142.1497863;910.6315789;1230.947368;1228.526316;1356;1331.789474;1306.842105;1325.315789;1353.947368;1118.368421;1139.894737;766.5789474
2568;dry;sand;NA;5;0;0;0;0;0;-;N;N;0.031;2.33;sandy;sandy;sandy;2;170.135053;133.9297386;736;1108;1092.5;1245.5;1243.5;1214;1246;1249;1030;1041.5;674.5
2564;wet;sandy_mud;uca;20;0;0;0;100;0;H;N;N;0.07;20.36;muddy_uca;muddy_uca;muddy-with-FBA;1;188.2015834;141.3206986;689.6666667;1043;1120;1216;1254;1221;1242;1227.666667;712;997.6666667;677
2437;wet;sand;NA;10;2;0;0;0;0;-;N;N;0.124;6.37;sandy;sandy;sandy;2;28.67704831;122.5577764;660.0909091;1052.727273;1076;1249.636364;1249.272727;1227.090909;1265.545455;1260.545455;1056.727273;997;649.9090909
2436;wet;sand;NA;20;0;0;0;0;0;-;N;N;0.278;3.77;wet_sandy;wet_sandy;sandy;2;186.2264276;125.712634;700.6666667;1067.222222;1099.333333;1290.148148;1269.481481;1261.666667;1294.62963;1291.185185;1119.962963;1067.555556;697.2962963
2434;wet;sand;NA;30;0;0;0;0;0;-;N;N;1.112;5.63;wet_sandy;wet_sandy;sandy;2;184.3835198;128.6318258;663.1145833;1019.666667;1058.40625;1258.270833;1228.479167;1228.885417;1257.572917;1268.666667;1078.677083;1064.34375;695.6875
2433;NA;muddy_sand;NA;0;1;0;0;100;0;L;N;N;0.008;18.19;muddy;muddy;muddy-with-FBA;1;110.8321932;118.88168;576;893;995;1148;1152;1182;1216;1217;1079;1084;738
2432;wet;sand;NA;30;0;0;0;0;0;-;N;N;0.773;5.02;wet_sandy;wet_sandy;sandy;2;182.2938319;113.3786612;626.5352113;966.4788732;1006.225352;1209.859155;1178.492958;1184.267606;1211.197183;1221.746479;1045.971831;1022.056338;666.4647887
2449;NA;muddy_sand;NA;0;5;0;0;0;0;-;N;N;0.193;17.33;muddy;muddy;muddy;2;154.735842;133.609159;596.4210526;908.4736842;1000.157895;1159.473684;1140.947368;1131.631579;1157.368421;1174.421053;972.5789474;945.0526316;602.7368421
2443;NA;mud;uca;0;0;0;10;100;0;H;N;N;0.008;48.85;muddy_uca;muddy_uca;muddy-with-FBA;1;252.2692498;45.5357122;625;991;1058;1234;1199;1225;1228;1187;1023;1042;707
2442;NA;muddy_sand;NA;30;1;0;0;0;0;-;N;N;3.09;18.03;muddy;muddy;muddy;2;128.5867572;125.7528177;631.0896057;996.4301075;1072.010753;1276.27957;1265.114695;1265.767025;1286.802867;1288.0681;1054.060932;899.2580645;575.7060932
2416;wet;sandy_mud;NA;30;0;0;0;0;0;-;S;N;1.978;NA;muddy;muddy;muddy;2;157.8664925;125.4751168;714.4387755;1100.127551;1134.295918;1390.561224;1351.352041;1358.285714;1391.755102;1389.673469;1131.964286;937.3316327;586.8316327
2566;wet;sandy_mud;uca;10;0;0;20;100;0;H;N;N;0.031;NA;muddy_uca;muddy_uca;muddy-with-FBA;1;151.3657518;182.8728438;594;864;964.5;1111;1119.5;1100.5;1128.5;1135.5;1004;1007.5;671.5
2504;NA;mud;uca;0;0;0;5;100;0;H;N;N;3.09;52.76;muddy_uca;muddy_uca;muddy-with-FBA;1;216.0356159;157.5513614;385.3546326;702.1214058;814.057508;953.8881789;923.1277955;912.172524;942.6741214;963.884984;816.6741214;938.4217252;621.2364217
44;wet;sand;NA;15;0;0;0;0;0;-;N;N;0.773;3.69;sandy;sandy;sandy;2;181.7810185;128.7868655;727.6315789;1175.473684;1228.5;1416.131579;1413.25;1350.526316;1387.315789;1432.763158;1309.789474;1225.710526;763.4342105
2532;wet;sand;NA;20;0;0;0;0;0;-;N;N;0.494;6.17;wet_sandy;wet_sandy;sandy;2;129.7575676;130.8486994;535.8125;911.9166667;1000.083333;1245.625;1168.645833;1193.354167;1238.354167;1266.895833;1064.583333;908.7916667;543.2708333
2399;dry;beach_sand;uca;0;0;0;0;100;0;M;N;N;0.124;1.55;beach_sand_uca;beach_sand;sandy-with-FBA;1;123.0487216;134.8899268;1011.363636;1531.636364;1650.181818;1952.181818;1788;1781.272727;1849;1884.818182;1414.636364;2056.545455;1495.363636
2366;dry;sand;NA;0;0;0;0;0;0;NA;N;N;3.926;4.55;sandy;sandy;sandy;2;200.5525697;150.9177463;557.5529412;950.7294118;964.6588235;1183.070588;1141.364706;1136.670588;1168.258824;1205.894118;1020.317647;1035.188235;680.8941176
8D2;dry;muddy_sand;uca;0;0;0;0;80;0;M;N;N;0.213;9.5;sandy_uca;sandy_uca;sandy-with-FBA;1;233.5986219;155.5614878;554.3333333;928.6666667;978.6666667;1196.666667;1148.666667;1132.333333;1161;1219.333333;1015;1065;701
2601;wet;beach_sand;NA;1;1;0;0;0;0;-;N;N;0.07;2.5;beach_sand;beach_sand;sandy;2;193.3714309;108.5798276;790.25;1203.5;1184.5;1416;1382;1365.5;1418.5;1421.5;1200;1029;631
2415;NA;sandy_mud;uca;0;0;0;0;100;0;H;N;N;0.008;36.66;muddy_uca;muddy_uca;muddy-with-FBA;1;212.7390879;162.3804487;466;833;916;1108;1081;1113;1106;1113;569;962;629
42;NA;muddy_sand;NA;40;1;0;1;0;0;-;S;N;1.112;15.2;muddy;muddy;muddy;2;161.7810808;136.9895928;706.5675676;1078.099099;1122.900901;1380.216216;1338.603604;1354.972973;1386.108108;1383.468468;1129.135135;937.6036036;580.0720721
2575;wet;sandy_mud;NA;30;2;0;5;0;0;-;S;N;0.193;20.41;muddy;muddy;muddy;2;195.5386797;149.7130859;624.375;975.375;1063;1239.25;1214.375;1202.875;1252.75;1261.5;876.25;955.125;604.125
2427;dry;beach_sand;uca;0;0;0;0;100;0;M;N;N;1.978;3.04;beach_sand_uca;beach_sand;sandy-with-FBA;1;175.8074116;121.5964965;1003.820513;1416.389744;1492.717949;1645.979487;1598.548718;1548.4;1600.451282;1667.25641;1634.994872;1915.702564;1351.420513
2361;dry;sand;uca;0;0;0;0;100;0;M;N;N;0.103;8.02;sandy_uca;sandy_uca;sandy-with-FBA;1;182.4313613;153.0288914;538.1818182;883.8181818;930.8181818;1088.363636;1059.909091;1036.454545;1065.727273;1112.181818;908;972.7272727;629.4545455
2358;wet;muddy_sand;macroalgae;40;10;0;0;0;30;-;N;N;0.216;9.65;wet_sandy;wet_sandy;sandy;2;171.4748724;139.5729311;585;926.7;968;1135;1120.05;1114.6;1139.8;1169.75;998.55;887.8;566.1
2360;wet;sand;NA;30;2;0;0;0;0;-;N;N;3.09;2.03;wet_sandy;wet_sandy;sandy;2;171.6325572;124.9324536;543.5442177;903.6360544;930.4897959;1105.938776;1078.153061;1053.911565;1093.394558;1114.97619;917.2755102;954.4489796;605.547619
2357;NA;mud;uca;5;0;0;10;100;0;H;N;N;3.09;41.1;muddy_uca;muddy_uca;muddy-with-FBA;1;211.9708479;166.0915142;365.5384615;691.277592;815.3277592;924.6688963;913.8963211;885.1571906;917.0568562;930.3076923;781.8327759;884.7558528;582.729097
2375;wet;sandy_mud;NA;30;0;0;1;0;0;-;N;N;0.031;30.81;muddy;muddy;muddy;2;193.338352;163.2011338;714.25;1025.75;1056;1282;1263;1286;1309;1292;1056;1001;681
2367;wet;sand;NA;50;1;0;0;0;0;-;N;N;0.278;6.26;wet_sandy;wet_sandy;sandy;2;122.4817089;142.3772397;664.3703704;1012.037037;1046.851852;1249.703704;1208.111111;1218.962963;1241.592593;1278.740741;1076.851852;1010.185185;629.0740741
2393;wet;muddy_sand;NA;40;1;0;0;0;0;-;S;N;0.07;16.74;muddy;muddy;muddy;2;129.6279156;90.2814617;673.8571429;1017.571429;1082.857143;1252.571429;1229;1232.142857;1267;1266.714286;1127;981.5714286;632.5714286
uca9.23_9.27;wet;sand;uca;3;10;0;0;100;0;H;N;N;0.024;2.81;sandy_uca;sandy_uca;sandy-with-FBA;1;128.5672267;125.6108289;625.6666667;964.3333333;988.6666667;1154;1122.333333;1118.666667;1144.666667;1178;1017;985.3333333;623.3333333
2515;NA;mud;uca;5;0;0;3;100;0;H;N;N;0.379;48.44;muddy_uca;muddy_uca;muddy-with-FBA;1;214.9665769;196.7863357;420.1;724.35;858.95;1009.575;980.275;957.15;1002.6;1030;913.9;976.675;649.475
2549;NA;mud;macroalgae;10;0;0;0;0;75;-;S;N;0.031;69.33;muddy;muddy;muddy;2;175.6358564;133.5017822;616.6666667;980.3333333;975.3333333;1266.666667;1246.666667;1305.333333;1311;1304.333333;1029;1059.666667;685
2556;NA;mud;macroalgae;10;0;0;0;0;60;-;S;N;0.124;44.79;muddy;muddy;muddy;2;215.7389071;137.117433;615.0909091;953.4545455;988.7272727;1287.090909;1238.363636;1286.181818;1298.272727;1297.363636;1095.090909;1029.181818;663.5454545
2565;dry;sand;NA;15;0;0;0;0;0;-;N;N;0.07;1.2;sandy;sandy;sandy;2;172.3173718;148.8337045;684.2857143;1022.571429;1048;1161.142857;1180.285714;1126;1166.857143;1166.857143;737.8571429;890.5714286;596.2857143
2563;wet;sandy_mud;NA;15;0;0;10;0;0;-;N;N;0.494;20.36;muddy;muddy;muddy;2;217.5700198;135.6943177;774.9423077;1099.269231;1130.307692;1296.423077;1304.769231;1286.115385;1311.846154;1285.5;1078.038462;971.2307692;643.0576923
2435;NA;muddy_sand;NA;20;2;0;0;0;0;-;N;N;0.773;13.22;muddy;muddy;muddy;2;100.9463627;100.9781963;679.3246753;1039.194805;1097.350649;1282.857143;1270.350649;1260.922078;1288.493506;1296.207792;1095.454545;1023.753247;659.6233766
2567;wet;sandy_mud;uca;10;0;0;10;100;0;H;N;N;0.07;NA;muddy_uca;muddy_uca;muddy-with-FBA;1;176.8358481;124.2071789;561;882.625;988.875;1124.25;1126.25;1123.75;1143;1139.5;1004;1017.75;665.75
;;;;;;;;;;;;;;;;;;;;;;;;;;;;;;;
;;;;;;;;;;;;;;;;;;;;;;;;;;;;;;;
;;;;;;;;;;;;;;;;;;;;;;;;;;;;;;;
;;;;;;;;;;;;;;;;;;;;;;;;;;;;;;;
;;;;;;;;;;;;;;;;;;;;;;;;;;;;;;;
;;;;;;;;;;;;;;;;;;;;;;;;;;;;;;;
;;;;;;;;;;;;;;;;;;;;;;;;;;;;;;;
;;;;;;;;;;;;;;;;;;;;;;;;;;;;;;;
;;;;;;;;;;;;;;;;;;;;;;;;;;;;;;;
;;;;;;;;;;;;;;;;;;;;;;;;;;;;;;;
;;;;;;;;;;;;;;;;;;;;;;;;;;;;;;;
