"RID";"ID";"B1.1";"B1.2";"B02_10";"B03_10";"B04_10";"B08_10";"B05_10";"B06_10";"B07_10";"B08a_10";"B09_10";"B11_10";"B12_10";"class_1.1";"class_2.1";"class_3.1";"cover_wate.1";"cover_shel.1";"cover_rock.1";"cover_chan.1";"cover_uca.1";"cover_macr.1";"uca_class.1";"greeness.1";"mangrove.1";"penetrabil.1";"area..ha..1";"X.finos.1";"class_name.1";"finalclass.1";"class_1.2";"class_2.2";"class_3.2";"cover_wate.2";"cover_shel.2";"cover_rock.2";"cover_chan.2";"cover_uca.2";"cover_macr.2";"uca_class.2";"greeness.2";"mangrove.2";"area..ha..2";"X.finos.2";"classname.2";"finalclass.2"
"2480";1;198.18496457696;182.540474565728;590.428571428571;897;999.428571428571;1110.85714285714;1096.71428571429;1087.85714285714;1129.42857142857;1139.42857142857;1048.42857142857;1071.14285714286;694.714285714286;"wet";"mud";"uca";25;0;0;0;100;0;"H";"N";"N";20;0.07;49.48;"muddy_uca";"muddy-with-FBA";NA;NA;NA;NA;NA;NA;NA;NA;NA;NA;NA;NA;NA;NA;NA;NA
"2611";2;203.010150008492;152.333392711514;463.428571428571;789.714285714286;898.428571428571;1073.14285714286;1038.57142857143;1063.42857142857;1094.42857142857;1113.57142857143;981;930.857142857143;619.285714285714;"wet";"sandy_mud";"uca";10;0;0;5;100;0;"H";"N";"N";NA;0.07;23.95;"muddy_uca";"muddy-with-FBA";NA;NA;NA;NA;NA;NA;NA;NA;NA;NA;NA;NA;NA;NA;NA;NA
"2458";3;153.400340116287;130.870458108291;1209.30769230769;1681.23076923077;1748;1996;1782.84615384615;1781.53846153846;1836.61538461538;1914.69230769231;1365.92307692308;2057.84615384615;1508.61538461538;"dry";"beach_sand_uca";"uca";0;0;0;0;100;0;"M";"N";"N";7;0.124;NA;"beach_sand_uca";"sandy-with-FBA";NA;NA;NA;NA;NA;NA;NA;NA;NA;NA;NA;NA;NA;NA;NA;NA
"2459";4;117.84715257048;135.161742259591;1179.84615384615;1632;1697.23076923077;1970.30769230769;1792.53846153846;1784.15384615385;1857.53846153846;1948.84615384615;1419;2054;1479.15384615385;"wet";"beach_sand_uca";"uca";0;0;0;0;100;0;"M";"N";"N";5;0.124;NA;"beach_sand_uca";"sandy-with-FBA";NA;NA;NA;NA;NA;NA;NA;NA;NA;NA;NA;NA;NA;NA;NA;NA
"2526";5;172.519656932203;125.164850471797;715.294871794872;1097.94871794872;1120.89743589744;1307.92307692308;1275.37179487179;1260.46153846154;1296.0641025641;1339.05128205128;1161.39743589744;1015.80769230769;614.141025641026;"wet";"sand";"-";15;0;0;0;0;0;"-";"N";"N";4;0.773;NA;"sandy";"sandy";NA;NA;NA;NA;NA;NA;NA;NA;NA;NA;NA;NA;NA;NA;NA;NA
"2524";6;156.995150032648;130.099552188824;742.82;1128.04;1133.56;1315.88;1292.24;1279.54;1306.54;1340.98;1158.2;1000.1;601.02;"wet";"sand";"-";15;0;0;0;0;0;"-";"N";"N";4;0.494;2.04;"sandy";"sandy";NA;NA;NA;NA;NA;NA;NA;NA;NA;NA;NA;NA;NA;NA;NA;NA
"2525";7;159.191788070693;125.387635463132;784.205128205128;1217.51282051282;1198.84615384615;1477.33333333333;1398.35897435897;1415.10256410256;1452.38461538462;1499.61538461538;1292.84615384615;1251.12820512821;753.371794871795;"wet";"beach_sand";"-";2;0;0;0;0;0;"-";"N";"N";4;0.773;2.37;"beach_sand";"sandy";NA;NA;NA;NA;NA;NA;NA;NA;NA;NA;NA;NA;NA;NA;NA;NA
"2421";8;NA;NA;NA;NA;NA;NA;NA;NA;NA;NA;NA;NA;NA;"dry";"beach_sand_uca";"uca";10;0;0;0;50;0;"H";"N";"N";2;6.137;2.15;"beach_sand_uca";"sandy-with-FBA";NA;NA;NA;NA;NA;NA;NA;NA;NA;NA;NA;NA;NA;NA;NA;NA
"2510";9;146.426027208022;135.270258225351;790.272727272727;1170.90909090909;1162;1360.54545454545;1344;1307.81818181818;1347.36363636364;1387.09090909091;1209.09090909091;1113.63636363636;676.272727272727;"wet";"sand";"-";30;1;0;0;0;0;"-";"N";"N";5;0.124;4.95;"wet_sandy";"sandy";NA;NA;NA;NA;NA;NA;NA;NA;NA;NA;NA;NA;NA;NA;NA;NA
"2400";10;141.521759306053;117.840740688431;1090.55;1663.6;1831.3;2189.7;2013.9;2024;2091.85;2130.55;1505;2359.75;1794.4;"dry";"beach_sand_uca";"uca";0;0;0;0;100;0;"M";"N";"N";6;0.193;1.15;"beach_sand_uca";"sandy-with-FBA";NA;NA;NA;NA;NA;NA;NA;NA;NA;NA;NA;NA;NA;NA;NA;NA
"2507";11;80.1122410737077;137.545742392797;799.571428571429;1162;1168.28571428571;1367.14285714286;1325.57142857143;1306.85714285714;1337;1377;1183.71428571429;1087.14285714286;660.857142857143;"wet";"muddy_sand";"-";30;10;0;0;0;0;"-";"N";"N";7;0.07;18.16;"muddy";"muddy";NA;NA;NA;NA;NA;NA;NA;NA;NA;NA;NA;NA;NA;NA;NA;NA
"2398";12;180.015262022683;121.528989900796;1135.69230769231;1628;1693.53846153846;1978;1851.23076923077;1839.23076923077;1882.23076923077;1969.30769230769;1446;2238;1718.84615384615;"dry";"beach_sand_uca";"uca";0;0;0;0;100;0;"M";"N";"N";6;0.124;1.55;"beach_sand_uca";"sandy-with-FBA";NA;NA;NA;NA;NA;NA;NA;NA;NA;NA;NA;NA;NA;NA;NA;NA
"2533";13;215.337104125189;132.864868602643;594.333333333333;915.083333333333;1017.16666666667;1178.5;1150.08333333333;1143.08333333333;1177.66666666667;1202.91666666667;1066;1068.91666666667;696.75;"-";"muddy_sand";"uca";2;0;0;1;0;0;"-";"N";"N";20;0.124;12.83;"muddy_uca";"muddy";NA;NA;NA;NA;NA;NA;NA;NA;NA;NA;NA;NA;NA;NA;NA;NA
"2403";14;67.9118980313739;119.687314588495;615.333333333333;974.487179487179;1026.5641025641;1186.15384615385;1187.25641025641;1173.53846153846;1190.66666666667;1185.20512820513;1199.82051282051;859.74358974359;562.487179487179;"wet";"muddy_sand";"-";90;1;0;1;0;0;"-";"N";"N";15;0.379;12.29;"muddy";"muddy";NA;NA;NA;NA;NA;NA;NA;NA;NA;NA;NA;NA;NA;NA;NA;NA
"2424";15;156.565224130143;116.54407399104;804.446428571429;1252.85714285714;1321.96428571429;1483.08928571429;1477.99107142857;1409.69642857143;1455.42857142857;1500.57142857143;1399.83035714286;1351.42857142857;836.348214285714;"wet";"sand";"-";15;0;0;0;0;0;"-";"N";"N";4;1.112;3.96;"sandy";"sandy";NA;NA;NA;NA;NA;NA;NA;NA;NA;NA;NA;NA;NA;NA;NA;NA
"2386";16;182.212158333745;125.794201801465;1055.125;1511.0625;1580.625;1846.625;1766.3125;1755.0625;1807.5625;1874.25;1454.8125;2103.375;1617.5625;"-";"muddy_sand";"uca";10;0;0;0;100;0;"H";"N";"N";16;0.031;14.62;"muddy_uca";"muddy-with-FBA";NA;NA;NA;NA;NA;NA;NA;NA;NA;NA;NA;NA;NA;NA;NA;NA
"2428";17;205.646286406872;216.288418872409;714.75;1109.33333333333;1194.16666666667;1354.16666666667;1325.91666666667;1274;1302.66666666667;1388.08333333333;1370.58333333333;1532.75;1016.83333333333;"dry";"beach_sand_uca";"uca";0;0;0;0;100;0;"H";"N";"N";4;0.124;2.94;"beach_sand_uca";"sandy-with-FBA";NA;NA;NA;NA;NA;NA;NA;NA;NA;NA;NA;NA;NA;NA;NA;NA
"2506";18;202.507979506891;152.554593976819;323.861915367483;646.075723830735;773.271714922049;901.839643652561;874.946547884187;866.155902004454;889.467706013363;916.739420935412;796.69710467706;930.325167037862;615.708240534521;"-";"mud";"uca";0;0;0;5;100;0;"H";"N";"N";20;4.45;56.18;"muddy_uca";"muddy-with-FBA";NA;NA;NA;NA;NA;NA;NA;NA;NA;NA;NA;NA;NA;NA;NA;NA
"2394";19;165.307711906405;158.942427003526;841.75;1289;1394;1603.83333333333;1544.25;1547.33333333333;1601.5;1628.41666666667;1544;1770.41666666667;1253.25;"dry";"beach_sand_uca";"uca";0;0;0;0;100;0;"M";"N";"N";6;0.124;2.18;"beach_sand_uca";"sandy-with-FBA";NA;NA;NA;NA;NA;NA;NA;NA;NA;NA;NA;NA;NA;NA;NA;NA
"2502";20;139.214809637887;119.094462280645;686.669421487603;1067.84710743802;1097.80578512397;1311.40495867769;1273.89256198347;1265.64462809917;1300.89256198347;1326.24380165289;1151.17355371901;1061.95041322314;639.644628099174;"wet";"muddy_sand";"-";70;10;0;0;0;0;"-";"N";"N";16;2.503;13.22;"muddy";"muddy";NA;NA;NA;NA;NA;NA;NA;NA;NA;NA;NA;NA;NA;NA;NA;NA
"2527";21;167.942618940917;122.059468678616;691.883116883117;1071.53246753247;1110.5974025974;1300.57142857143;1263.12987012987;1253.98701298701;1294.64935064935;1333.23376623377;1143.33766233766;1002.28571428571;613.506493506493;"wet";"sand";"-";20;0;0;0;0;0;"-";"N";"N";6;0.773;3.66;"wet_sandy";"sandy";NA;NA;NA;NA;NA;NA;NA;NA;NA;NA;NA;NA;NA;NA;NA;NA
"2483";22;113.370838412664;126.977247595111;686.642857142857;1157.85714285714;1246.42857142857;1507.28571428571;1404.78571428571;1412.71428571429;1469.64285714286;1537.57142857143;1273.5;1489.14285714286;897.714285714286;"wet";"sand";"uca";2;0;0;0;100;0;"L";"N";"N";20;0.124;5.96;"sandy_uca";"sandy-with-FBA";NA;NA;NA;NA;NA;NA;NA;NA;NA;NA;NA;NA;NA;NA;NA;NA
"2482";23;202.033791166483;183.430922137441;521.5;841.25;963.25;1102.5;1116.25;1113.5;1142.75;1177.5;1062;1131.75;738.75;"wet";"mud";"uca";25;0;0;0;100;0;"H";"N";"N";20;0.031;39.51;"muddy_uca";"muddy-with-FBA";NA;NA;NA;NA;NA;NA;NA;NA;NA;NA;NA;NA;NA;NA;NA;NA
"2481";24;207.225495101736;152.464137445057;618;967;1018;1170;1098;1099;1135;1149;1062;1049;680;"wet";"sandy_mud";"-";40;0;0;0;0;0;"-";"S";"N";20;0.008;28.07;"muddy";"muddy";NA;NA;NA;NA;NA;NA;NA;NA;NA;NA;NA;NA;NA;NA;NA;NA
"2485";25;184.60223992777;137.547611915728;622.333333333333;952.666666666667;1060;1248.66666666667;1193;1191;1228;1266;1054;1201;770;"wet";"muddy_sand";"uca";0;0;0;0;100;0;"H";"N";"N";20;0.031;19.07;"muddy_uca";"muddy-with-FBA";NA;NA;NA;NA;NA;NA;NA;NA;NA;NA;NA;NA;NA;NA;NA;NA
"2484";26;169.744567210727;170.685211245042;622;1034;1074;1270;1202;1196;1235;1283;1116;1223;764;"wet";"muddy_sand";"uca";0;0;0;0;100;0;"H";"N";"N";20;0.008;18.07;"muddy_uca";"muddy-with-FBA";NA;NA;NA;NA;NA;NA;NA;NA;NA;NA;NA;NA;NA;NA;NA;NA
"2479";27;176.048857856477;158.411605479682;595.666666666667;964;1042.66666666667;1282;1172.33333333333;1161.33333333333;1220;1239;779;1058.66666666667;681.666666666667;"wet";"sandy_mud";"uca";25;3;0;0;100;0;"L";"N";"N";20;0.031;32.83;"muddy_uca";"muddy-with-FBA";NA;NA;NA;NA;NA;NA;NA;NA;NA;NA;NA;NA;NA;NA;NA;NA
"2478";28;202.151177514858;128.899148604868;715.607142857143;1053.92857142857;1148.64285714286;1330.78571428571;1283.28571428571;1300.85714285714;1342.92857142857;1353.14285714286;1080.64285714286;1074.64285714286;674;"-";"mud";"-";0;0;0;5;0;0;"H";"N";"N";20;0.278;88.59;"muddy";"muddy";NA;NA;NA;NA;NA;NA;NA;NA;NA;NA;NA;NA;NA;NA;NA;NA
"2477";29;230.738464970786;165.070655342732;384.448979591837;700.224489795918;838.387755102041;1034.73469387755;964.714285714286;981.285714285714;1016.95918367347;1057.63265306122;880.755102040816;977.489795918367;637.551020408163;"-";"mud";"uca";0;0;0;5;100;0;"H";"N";"N";20;0.494;88.59;"muddy_uca";"muddy-with-FBA";NA;NA;NA;NA;NA;NA;NA;NA;NA;NA;NA;NA;NA;NA;NA;NA
"2476";30;227.81754224579;189.31574333999;446.611398963731;752.90414507772;873.681347150259;1042.82124352332;993.186528497409;990.189119170984;1024.52590673575;1048.81606217617;860.546632124352;949.79792746114;617.113989637306;"-";"mud";"uca";0;0;0;5;100;0;"-";"N";"N";20;4.673;88.59;"muddy_uca";"muddy_with_FBA";NA;NA;NA;NA;NA;NA;NA;NA;NA;NA;NA;NA;NA;NA;NA;NA
"2475";31;229.563109765153;196.360462875588;557.898351648352;879.03021978022;994.244505494505;1197.03846153846;1131.13186813187;1155.56318681319;1190.56868131868;1214.44505494505;1018.61813186813;1049.96978021978;677.043956043956;"-";"mud";"uca";0;0;0;20;100;0;"H";"N";"N";20;6.828;88.59;"muddy_uca";"muddy-with-FBA";NA;NA;NA;NA;NA;NA;NA;NA;NA;NA;NA;NA;NA;NA;NA;NA
"2407";32;160.010301974525;128.324698414996;771.909090909091;1144.22727272727;1197.36363636364;1413.59090909091;1366.65909090909;1366.70454545455;1412.02272727273;1415.11363636364;1220.90909090909;1064.22727272727;673.795454545455;"wet";"beach_sand";"-";25;0;0;10;0;0;"-";"S";"N";8;0.452;3.58;"beach_sand";"sandy";NA;NA;NA;NA;NA;NA;NA;NA;NA;NA;NA;NA;NA;NA;NA;NA
"2409";33;189.447744697735;105.712610931496;747;1138;1187;1449.5;1410.5;1431.25;1454.5;1443.25;1198;978;588;"wet";"muddy_sand";"-";40;1;0;0;0;0;"-";"N";"N";7;0.031;17.8;"muddy";"muddy";NA;NA;NA;NA;NA;NA;NA;NA;NA;NA;NA;NA;NA;NA;NA;NA
"2408";34;160.926589110284;132.219260918093;916.684210526316;1309.05263157895;1357.26315789474;1592.42105263158;1502;1495.36842105263;1537;1555;1227.78947368421;1452.10526315789;987.631578947368;"dry";"beach_sand_uca";"uca";0;0;0;0;100;0;"L";"N";"N";4;0.193;2.15;"beach_sand_uca";"sandy-with-FBA";NA;NA;NA;NA;NA;NA;NA;NA;NA;NA;NA;NA;NA;NA;NA;NA
"2607";35;209.72403298574;118.841056830823;930.928571428571;1268.42857142857;1244.28571428571;1469.42857142857;1431.35714285714;1416.35714285714;1459.92857142857;1478.5;1042.71428571429;1133.42857142857;712.428571428571;"dry";"beach_sand";"-";5;1;0;0;0;0;"-";"N";"N";5;0.124;1.88;"beach_sand";"sandy";NA;NA;NA;NA;NA;NA;NA;NA;NA;NA;NA;NA;NA;NA;NA;NA
"2602";36;189.105015677781;140.22320898421;773.833333333333;1152.33333333333;1211;1404.16666666667;1372.5;1359.5;1401.58333333333;1397.33333333333;1210;1051.75;655.5;"wet";"sand";"uca";10;0;0;0;80;0;"H";"N";"N";8;0.124;5.99;"sandy_uca";"sandy-with-FBA";NA;NA;NA;NA;NA;NA;NA;NA;NA;NA;NA;NA;NA;NA;NA;NA
"2587";37;163.327432340094;155.143190916698;583.272727272727;954.636363636364;1014;1254.72727272727;1199.81818181818;1224.72727272727;1249.72727272727;1275.63636363636;1080.63636363636;916.727272727273;563;"-";"muddy_sand";"-";15;5;0;0;0;0;"-";"N";"N";13;0.124;13.4;"muddy";"muddy";NA;NA;NA;NA;NA;NA;NA;NA;NA;NA;NA;NA;NA;NA;NA;NA
"2586";38;169.165914399783;156.327777495679;631.222222222222;975.888888888889;1046.11111111111;1232;1185.11111111111;1205.55555555556;1226.44444444444;1249.11111111111;1065.66666666667;1131.44444444444;737.222222222222;"-";"sand";"uca";0;0;0;0;0;0;"-";"N";"N";6;0.07;5.16;"sandy_uca";"sandy";NA;NA;NA;NA;NA;NA;NA;NA;NA;NA;NA;NA;NA;NA;NA;NA
"2585";39;158.740526130564;205.644500045642;612;977.428571428571;1038.14285714286;1209.71428571429;1171.28571428571;1194.28571428571;1225.85714285714;1252.14285714286;1023.85714285714;1137.71428571429;750.142857142857;"-";"sand";"uca";0;0;0;0;0;0;"-";"N";"N";6;0.07;4.16;"sandy_uca";"sandy";NA;NA;NA;NA;NA;NA;NA;NA;NA;NA;NA;NA;NA;NA;NA;NA
"2584";40;222.932588172729;114.383325286035;668.333333333333;1017;1084;1268.66666666667;1216;1233;1253;1299;1141;1175;749;"-";"sand";"uca";0;0;0;0;0;0;"-";"N";"N";6;0.031;4.16;"sandy_uca";"sandy";NA;NA;NA;NA;NA;NA;NA;NA;NA;NA;NA;NA;NA;NA;NA;NA
"2583";41;183.878298670892;119.644928601349;686.666666666667;1043.66666666667;1105.66666666667;1274;1224.16666666667;1216.16666666667;1248.66666666667;1290;1104;1126.66666666667;740;"-";"sand";"uca";0;0;0;0;100;0;"H";"N";"N";6;0.07;4.16;"sandy_uca";"sandy-with-FBA";NA;NA;NA;NA;NA;NA;NA;NA;NA;NA;NA;NA;NA;NA;NA;NA
"2582";42;183.885950336895;123.037082133658;709.35;1120.43333333333;1149.6;1413.1;1366.76666666667;1376.08333333333;1407.35;1418.93333333333;1157.16666666667;980.6;604.933333333333;"wet";"sand";"-";30;2;0;0;0;0;"-";"N";"N";5;0.626;7.61;"wet_sandy";"sandy";NA;NA;NA;NA;NA;NA;NA;NA;NA;NA;NA;NA;NA;NA;NA;NA
"2581";43;190.161345934016;117.456865204792;630.125;975.125;1042.375;1275.75;1206.375;1213.375;1252;1293.25;1033;954.125;601.125;"-";"muddy_sand";"-";25;1;0;0;0;0;"-";"N";"N";15;0.07;17.05;"muddy";"muddy";NA;NA;NA;NA;NA;NA;NA;NA;NA;NA;NA;NA;NA;NA;NA;NA
"2580";44;178.202397120549;128.802724990073;589.5;948.5;994;1407.5;1326;1398;1418.5;1397;1169;1086;652.5;"wet";"mud";"green_macroalgae";15;0;0;5;0;80;"L";"N";"N";20;0.008;56.9;"muddy";"muddy";NA;NA;NA;NA;NA;NA;NA;NA;NA;NA;NA;NA;NA;NA;NA;NA
"2598";45;218.632235532556;114.546790790655;758.153846153846;1193.07692307692;1186.15384615385;1426.30769230769;1376.30769230769;1378.30769230769;1411.92307692308;1425.07692307692;1098;1111.84615384615;683.076923076923;"wet";"beach_sand";"-";5;0;0;0;0;0;"-";"N";"N";7;0.124;1.63;"beach_sand";"sandy";NA;NA;NA;NA;NA;NA;NA;NA;NA;NA;NA;NA;NA;NA;NA;NA
"2579";46;197.793855135094;109.539604837126;543.5;940.5;976.5;1433;1306.25;1404;1431;1422.75;1169;1084;649.75;"wet";"mud";"green_macroalgae";15;0;0;5;0;80;"-";"S";"N";20;0.07;52.74;"muddy";"muddy";NA;NA;NA;NA;NA;NA;NA;NA;NA;NA;NA;NA;NA;NA;NA;NA
"2597";47;154.802538797137;120.739708910766;793.12;1176.8;1223.8;1421.16;1400.46;1397.28;1416.86;1431.72;1212.22;1019.22;632.78;"wet";"beach_sand_uca";"uca";20;0;0;0;50;0;"M";"N";"N";8;0.494;5.12;"beach_sand_uca";"sandy-with-FBA";NA;NA;NA;NA;NA;NA;NA;NA;NA;NA;NA;NA;NA;NA;NA;NA
"2593";48;170.494152131755;78.0558330456417;717;1092;1146;1382;1332;1324;1353;1380;1129;1080;673;"wet";"beach_sand_uca";"uca";0;0;0;0;100;0;"H";"N";"N";5;0.008;2.44;"beach_sand_uca";"sandy-with-FBA";NA;NA;NA;NA;NA;NA;NA;NA;NA;NA;NA;NA;NA;NA;NA;NA
"2578";49;182.574447235412;125.033844024871;673.90625;1039.3125;1123.6875;1383.6875;1331.65625;1352.15625;1382.34375;1392.75;1172;913.28125;551.03125;"wet";"sandy_mud";"-";50;1;0;0;0;0;"-";"S";"N";15;0.379;20.49;"muddy";"muddy";NA;NA;NA;NA;NA;NA;NA;NA;NA;NA;NA;NA;NA;NA;NA;NA
"2592";50;186.344339732184;79.7451499260322;713.142857142857;1139.14285714286;1170.57142857143;1439.14285714286;1407.57142857143;1409.85714285714;1436.57142857143;1467.14285714286;1210;964.571428571429;583.285714285714;"-";"muddy_sand";"-";10;0;0;0;5;0;"L";"N";"N";18;0.07;9.68;"sandy";"sandy";NA;NA;NA;NA;NA;NA;NA;NA;NA;NA;NA;NA;NA;NA;NA;NA
"2577";51;207.729944388272;152.25510681759;579.526315789474;932.631578947368;975.368421052632;1279.57894736842;1225.10526315789;1252.52631578947;1289.94736842105;1279.78947368421;983.947368421053;998.947368421053;618.842105263158;"wet";"mud";"green_macroalgae";20;0;0;5;10;70;"L";"N";"N";20;0.193;61.03;"muddy";"muddy";NA;NA;NA;NA;NA;NA;NA;NA;NA;NA;NA;NA;NA;NA;NA;NA
"2591";52;156.36235014261;105.274955199781;728;1126.83333333333;1162.33333333333;1454.16666666667;1414;1420.33333333333;1463.5;1465.66666666667;1208.83333333333;968.5;602.666666666667;"-";"muddy_sand";"-";15;0;0;0;20;0;"L";"N";"N";17;0.124;13.92;"muddy";"muddy";NA;NA;NA;NA;NA;NA;NA;NA;NA;NA;NA;NA;NA;NA;NA;NA
"2576";53;222.603863163799;113.792184484781;609.666666666667;955.666666666667;1005.66666666667;1273.33333333333;1238.66666666667;1268.66666666667;1268;1279;898;1010;632.333333333333;"wet";"mud";"green_macroalgae";20;0;0;5;0;70;"-";"S";"N";20;0.031;46.4;"muddy";"muddy";NA;NA;NA;NA;NA;NA;NA;NA;NA;NA;NA;NA;NA;NA;NA;NA
"2590";54;160.536380700488;168.500452004862;705;1109.5;1148;1412.5;1376;1374;1411.75;1422.75;1158;963.5;594.75;"-";"muddy_sand";"-";15;0;0;0;20;0;"L";"N";"N";15;0.031;16.55;"muddy";"muddy";NA;NA;NA;NA;NA;NA;NA;NA;NA;NA;NA;NA;NA;NA;NA;NA
"2574";55;205.456101787002;98.0694539847293;650;1001.14285714286;1100;1318.28571428571;1260.28571428571;1264.14285714286;1303.85714285714;1301.14285714286;1076;1035.85714285714;652.571428571429;"wet";"sandy_mud";"-";25;0;0;5;10;0;"L";"N";"N";20;0.07;24.39;"muddy";"muddy";NA;NA;NA;NA;NA;NA;NA;NA;NA;NA;NA;NA;NA;NA;NA;NA
"2589";56;144.235561229615;156.642207284227;708.666666666667;1086;1144;1382;1320;1361;1394;1378;1122;932;582;"wet";"muddy_sand";"-";15;1;0;0;15;0;"L";"N";"N";13;0.031;17.34;"muddy";"muddy";NA;NA;NA;NA;NA;NA;NA;NA;NA;NA;NA;NA;NA;NA;NA;NA
"2573";57;139.094326178548;119.22885223828;782.65;1166.75;1224.1;1439.45;1406.775;1405.55;1438.975;1440.35;1148.6;1048.9;654;"wet";"muddy_sand";"-";45;0;0;0;0;0;"-";"N";"N";14;0.379;9.75;"wet_sandy";"sandy";NA;NA;NA;NA;NA;NA;NA;NA;NA;NA;NA;NA;NA;NA;NA;NA
"2572";58;187.472772035653;132.284995411654;769.916666666667;1124.91666666667;1194.66666666667;1434.5;1385.75;1396.5;1432;1432.75;1218.5;1092;682.75;"wet";"muddy_sand";"-";75;0;0;2;0;0;"-";"N";"N";18;0.124;11.62;"muddy";"muddy";NA;NA;NA;NA;NA;NA;NA;NA;NA;NA;NA;NA;NA;NA;NA;NA
"2414";59;224.848044426043;173.594622514993;412.607142857143;729.285714285714;865.071428571429;1073.10714285714;1007.78571428571;1034.39285714286;1064.32142857143;1079.71428571429;961.142857142857;945.428571428571;613.571428571429;"-";"mud";"uca";0;0;0;0;100;0;"H";"?";"N";20;0.278;41.84;"muddy_uca";"muddy-with-FBA";NA;NA;NA;NA;NA;NA;NA;NA;NA;NA;NA;NA;NA;NA;NA;NA
"2410";60;188.385195460812;123.068755075654;671;1064.9387755102;1102.55102040816;1435.67346938776;1369.55102040816;1415.65306122449;1438.48979591837;1440.71428571429;1182.20408163265;1001.36734693878;602.224489795918;"wet";"muddy_sand";"-";40;0;0;0;0;0;"-";"S";"N";20;0.494;18.04;"muddy";"muddy";NA;NA;NA;NA;NA;NA;NA;NA;NA;NA;NA;NA;NA;NA;NA;NA
"2426";61;149.078204430131;102.019065266156;810.692307692308;1272;1341.84615384615;1491.53846153846;1480.92307692308;1430.15384615385;1459.38461538462;1522.38461538462;1432.76923076923;1269.53846153846;771.384615384615;"wet";"beach_sand";"-";20;0;0;0;0;0;"-";"N";"N";5;0.124;2.94;"beach_sand";"sandy";NA;NA;NA;NA;NA;NA;NA;NA;NA;NA;NA;NA;NA;NA;NA;NA
"2425";62;140.256965035904;130.36280620935;706.24;1069.8;1153.12;1291.04;1265.04;1217.24;1252;1320.36;1202.88;1441.16;941.84;"-";"sand";"uca";0;0;0;0;100;0;"H";"N";"N";5;0.278;5.02;"sandy_uca";"sandy-with-FBA";NA;NA;NA;NA;NA;NA;NA;NA;NA;NA;NA;NA;NA;NA;NA;NA
"2430";63;165.492217624373;121.267124919083;783.03738317757;1228.18691588785;1285.42056074766;1458.71028037383;1467;1389.69158878505;1440.18691588785;1473.36448598131;1313.44859813084;1199.63551401869;748.971962616822;"wet";"beach_sand";"-";10;0;0;0;0;0;"-";"N";"N";5;1.978;3.97;"beach_sand";"sandy";NA;NA;NA;NA;NA;NA;NA;NA;NA;NA;NA;NA;NA;NA;NA;NA
"2423";64;160.745617011356;119.089294157273;613.25;1005.8;1063.05;1194.65;1161.85;1096.8;1139.15;1187.9;943.05;1280.65;863.25;"-";"sand";"uca";0;0;0;0;100;0;"H";"N";"N";6;0.193;5.56;"sandy_uca";"sandy-with-FBA";NA;NA;NA;NA;NA;NA;NA;NA;NA;NA;NA;NA;NA;NA;NA;NA
"2429";65;198.744142031839;133.814336438929;777.272727272727;1179.27272727273;1268;1432.36363636364;1413.72727272727;1363.45454545455;1411.09090909091;1453.36363636364;1363.90909090909;1368.45454545455;863.181818181818;"wet";"beach_sand";"-";25;0;0;0;0;0;"-";"N";"N";4;0.124;2.44;"beach_sand";"sandy";NA;NA;NA;NA;NA;NA;NA;NA;NA;NA;NA;NA;NA;NA;NA;NA
"2420";66;NA;NA;NA;NA;NA;NA;NA;NA;NA;NA;NA;NA;NA;"dry";"beach_sand_uca";"uca";10;0;0;0;50;0;"M";"N";"N";2;6.374;2.16;"beach_sand_uca";"sandy-with-FBA";NA;NA;NA;NA;NA;NA;NA;NA;NA;NA;NA;NA;NA;NA;NA;NA
"2419";67;188.868676964576;128.650183569801;846.514851485148;1314.9504950495;1420.41584158416;1593.92079207921;1551.88118811881;1492.72277227723;1554.88118811881;1627.56435643564;1589.54455445545;1930.0099009901;1334.10891089109;"dry";"beach_sand_uca";"uca";10;0;0;0;50;0;"M";"N";"N";2;4.327;2.16;"beach_sand_uca";"sandy-with-FBA";NA;NA;NA;NA;NA;NA;NA;NA;NA;NA;NA;NA;NA;NA;NA;NA
"2418";68;NA;NA;NA;NA;NA;NA;NA;NA;NA;NA;NA;NA;NA;"dry";"beach_sand_uca";"uca";15;0;0;0;50;0;"H";"N";"N";2;5.776;2.15;"beach_sand_uca";"sandy-with-FBA";NA;NA;NA;NA;NA;NA;NA;NA;NA;NA;NA;NA;NA;NA;NA;NA
"2441";69;118.279440265967;114.676243890392;718.444444444444;1062.33333333333;1114.22222222222;1289.33333333333;1263.88888888889;1263.66666666667;1275.88888888889;1306.66666666667;1342;1140.66666666667;787.111111111111;"-";"sand";"uca";0;1;0;0;100;0;"H";"N";"N";6;0.124;8.58;"sandy_uca";"sandy-with-FBA";NA;NA;NA;NA;NA;NA;NA;NA;NA;NA;NA;NA;NA;NA;NA;NA
"2440";70;75.2786321669898;127.432708584825;631.697674418605;976.023255813953;1050.81395348837;1239.48837209302;1229.72093023256;1229.16279069767;1254.90697674419;1255.60465116279;1073.32558139535;883;562.883720930233;"-";"muddy_sand";"-";10;2;0;0;0;0;"-";"N";"N";9;1.112;15.42;"muddy";"muddy";NA;NA;NA;NA;NA;NA;NA;NA;NA;NA;NA;NA;NA;NA;NA;NA
"2439";71;171.790297028989;109.241615989912;758.333333333333;1064;1115.33333333333;1212;1237;1224;1240;1264;1132;1108;753;"-";"sand";"uca";0;0;0;0;100;0;"H";"N";"N";5;0.031;5.88;"sandy_uca";"sandy-with-FBA";NA;NA;NA;NA;NA;NA;NA;NA;NA;NA;NA;NA;NA;NA;NA;NA
"2438";72;166.540638240432;141.193746800739;737.25;1080.58333333333;1112.5;1209.83333333333;1239.83333333333;1208.25;1238.41666666667;1234.75;1160.75;1002.75;684.25;"-";"muddy_sand";"uca";10;0;0;20;100;0;"H";"N";"N";11;0.124;17.51;"muddy_uca";"muddy-with-FBA";NA;NA;NA;NA;NA;NA;NA;NA;NA;NA;NA;NA;NA;NA;NA;NA
"2457";73;117.582156545745;98.2392680751809;634.75;1006;1049.75;1241.5;1206.75;1208.25;1240;1259;1138;1047;684.25;"wet";"muddy_sand";"-";40;0;0;0;0;0;"-";"S";"N";17;0.031;10.02;"muddy";"muddy";NA;NA;NA;NA;NA;NA;NA;NA;NA;NA;NA;NA;NA;NA;NA;NA
"2456";74;176.244609135131;103.19217089351;623.333333333333;1003.14285714286;1090;1261.90476190476;1223.09523809524;1209.95238095238;1264.19047619048;1290.04761904762;1163;1213.95238095238;792.666666666667;"wet";"beach_sand_uca";"uca";0;0;0;0;100;0;"M";"N";"N";5;0.193;3.33;"beach_sand_uca";"sandy-with-FBA";NA;NA;NA;NA;NA;NA;NA;NA;NA;NA;NA;NA;NA;NA;NA;NA
"2455";75;174.690283867807;126.174773609781;1010.05263157895;1405;1480.31578947368;1643.68421052632;1548.05263157895;1525.63157894737;1585.05263157895;1655.73684210526;1196.05263157895;1745.57894736842;1282.15789473684;"dry";"beach_sand_uca";"uca";0;0;0;0;100;0;"M";"N";"N";7;0.193;1.99;"beach_sand_uca";"sandy-with-FBA";NA;NA;NA;NA;NA;NA;NA;NA;NA;NA;NA;NA;NA;NA;NA;NA
"2454";76;163.315665992599;142.311104263655;622;1004;1086;1250;1199;1199;1219;1261;1054;1137;733;"wet";"beach_sand";"-";0;0;0;0;0;0;"-";"N";"N";3;0.008;3.25;"beach_sand";"sandy";NA;NA;NA;NA;NA;NA;NA;NA;NA;NA;NA;NA;NA;NA;NA;NA
"2453";77;154.596120709891;103.109569614286;588.428571428571;959;1028.71428571429;1229.42857142857;1178.28571428571;1173.85714285714;1224.14285714286;1238.57142857143;1034.57142857143;1130.57142857143;745.857142857143;"-";"muddy_sand";"-";10;0;0;0;0;0;"-";"N";"N";4;0.07;14.16;"muddy";"muddy";NA;NA;NA;NA;NA;NA;NA;NA;NA;NA;NA;NA;NA;NA;NA;NA
"2452";78;233.131134595478;148.779997014032;536.666666666667;834.666666666667;947.833333333333;1077.66666666667;1092;1055.66666666667;1105.66666666667;1109.33333333333;994;1056.33333333333;706;"-";"sandy_mud";"uca";0;0;0;0;100;0;"H";"N";"N";20;0.07;24.93;"muddy_uca";"muddy-with-FBA";NA;NA;NA;NA;NA;NA;NA;NA;NA;NA;NA;NA;NA;NA;NA;NA
"2451";79;129.733119714399;109.637573361748;578.428571428571;936;1000.07142857143;1202.42857142857;1175.85714285714;1156.21428571429;1192.42857142857;1201;1019.5;985.071428571429;633.5;"-";"muddy_sand";"-";5;0;0;0;0;0;"-";"S";"N";20;0.193;18.33;"muddy";"muddy";NA;NA;NA;NA;NA;NA;NA;NA;NA;NA;NA;NA;NA;NA;NA;NA
"2468";80;148.351673638854;145.491718980221;570.7;895;980.3;1234.4;1156.8;1185.3;1237.2;1236.1;1239.2;868;554.3;"wet";"muddy_sand";"-";40;0;0;0;0;0;"-";"N";"N";NA;0.124;12.42;"muddy";"muddy";NA;NA;NA;NA;NA;NA;NA;NA;NA;NA;NA;NA;NA;NA;NA;NA
"2467";81;222.432374636802;167.165669234559;602.702702702703;903.135135135135;1018.24324324324;1170.86486486486;1139.62162162162;1141.08108108108;1178.78378378378;1188.37837837838;1041.54054054054;941.837837837838;623.459459459459;"wet";"sandy_mud";"uca";40;0;0;1;100;0;"H";"N";"N";20;0.379;22.09;"muddy_uca";"muddy-with-FBA";NA;NA;NA;NA;NA;NA;NA;NA;NA;NA;NA;NA;NA;NA;NA;NA
"2465";82;212.925928848808;170.412339699983;345.11935483871;665.251612903226;802.635483870968;961.525806451613;915.41935483871;912.274193548387;952.683870967742;979.706451612903;844.229032258065;923.374193548387;604.945161290323;"-";"mud";"uca";0;0;0;10;100;0;"H";"N";"N";NA;3.09;46.22;"muddy_uca";"muddy-with-FBA";NA;NA;NA;NA;NA;NA;NA;NA;NA;NA;NA;NA;NA;NA;NA;NA
"2463";83;206.159545525313;139.951999954337;412.648648648649;733.108108108108;858.891891891892;1025.62162162162;978.081081081081;977.675675675676;1014.45945945946;1044.89189189189;917.567567567568;965.702702702703;640.891891891892;"-";"mud";"uca";0;0;0;10;100;0;"H";"N";"N";NA;0.379;46.22;"muddy_uca";"muddy-with-FBA";NA;NA;NA;NA;NA;NA;NA;NA;NA;NA;NA;NA;NA;NA;NA;NA
"2462";84;154.973801968221;137.621784935061;555.666666666667;894.333333333333;959.333333333333;1198;1123.66666666667;1120.33333333333;1169.33333333333;1194;1040;905.333333333333;567;"-";"muddy_sand";"-";40;1;0;0;0;0;"-";"S";"N";18;0.031;15.74;"muddy";"muddy";NA;NA;NA;NA;NA;NA;NA;NA;NA;NA;NA;NA;NA;NA;NA;NA
"2461";85;194.608445042836;84.7374087483624;623;985;1060;1362;1240;1259;1334;1406;1777;1375;907;"dry";"beach_sand_uca";"uca";0;0;0;0;100;0;"M";"N";"N";6;0.008;4.88;"beach_sand_uca";"sandy-with-FBA";NA;NA;NA;NA;NA;NA;NA;NA;NA;NA;NA;NA;NA;NA;NA;NA
"2460";86;179.287029185145;100.404803457686;655.1;1033;1088.8;1308.2;1258.5;1242.9;1286.8;1322;1198.8;1132.8;728.3;"wet";"sand";"-";20;0;0;0;0;0;"-";"N";"N";6;0.124;4.88;"wet_sandy";"sandy";NA;NA;NA;NA;NA;NA;NA;NA;NA;NA;NA;NA;NA;NA;NA;NA
"2474";87;217.032206573331;170.352706269613;393.483870967742;699.032258064516;843.774193548387;928.161290322581;940.354838709677;917.677419354839;936.516129032258;943.741935483871;821.870967741935;858.935483870968;578.741935483871;"dry";"mud";"uca";0;0;0;10;100;0;"H";"N";"N";NA;0.278;NA;"muddy_uca";"muddy-with-FBA";NA;NA;NA;NA;NA;NA;NA;NA;NA;NA;NA;NA;NA;NA;NA;NA
"2472";88;188.62541534208;137.49723871194;565.1;960.9;1059;1286;1201.95;1199.45;1253.4;1278.35;1031.75;1249.1;805.5;"wet";"sand";"uca";0;5;0;0;100;0;"H";"N";"N";NA;0.193;NA;"sandy_uca";"sandy-with-FBA";NA;NA;NA;NA;NA;NA;NA;NA;NA;NA;NA;NA;NA;NA;NA;NA
"2471";89;181.994169559883;129.340802939563;688.416666666667;1059.83333333333;1124.16666666667;1309.83333333333;1284.33333333333;1285.41666666667;1304.33333333333;1325.08333333333;1124.16666666667;1058.66666666667;650.833333333333;"wet";"muddy_sand";"-";25;2;0;0;0;0;"-";"N";"N";6;0.124;10.57;"muddy";"muddy";NA;NA;NA;NA;NA;NA;NA;NA;NA;NA;NA;NA;NA;NA;NA;NA
"2470";90;166.928546196127;128.769393724452;717.4;1087.8;1139.8;1318.8;1275.7;1267.7;1303.7;1323.6;1141.1;1095.9;690.7;"wet";"sand";"-";25;2;0;0;0;0;"-";"N";"N";6;0.124;6.16;"wet_sandy";"sandy";NA;NA;NA;NA;NA;NA;NA;NA;NA;NA;NA;NA;NA;NA;NA;NA
"2469";91;189.316508244518;129.20149393457;693.153846153846;1004.92307692308;1108;1233.23076923077;1222.53846153846;1197.84615384615;1237.30769230769;1229.61538461538;1016;967.538461538462;633.538461538462;"wet";"muddy_sand";"uca";30;0;0;0;100;0;"M";"N";"N";9;0.124;14.09;"muddy_uca";"muddy-with-FBA";NA;NA;NA;NA;NA;NA;NA;NA;NA;NA;NA;NA;NA;NA;NA;NA
"2490";92;159.307609257755;161.523690999128;671.857142857143;1077.42857142857;1144.28571428571;1333.71428571429;1307;1289.57142857143;1328.57142857143;1351.57142857143;1123.28571428571;1014.28571428571;609.571428571429;"wet";"muddy_sand";"-";15;5;0;0;0;0;"-";"N";"N";11;0.07;10.65;"muddy";"muddy";NA;NA;NA;NA;NA;NA;NA;NA;NA;NA;NA;NA;NA;NA;NA;NA
"2489";93;220.092663483354;168.70355863652;348.254545454545;677.936363636364;826.445454545455;1001.36363636364;947.881818181818;951.363636363636;983.190909090909;1012.93636363636;889.781818181818;938.936363636364;605.636363636364;"-";"mud";"uca";1;0;0;10;100;0;"H";"N";"N";20;1.112;72.42;"muddy_uca";"muddy-with-FBA";NA;NA;NA;NA;NA;NA;NA;NA;NA;NA;NA;NA;NA;NA;NA;NA
"2498";94;170.736908785092;139.616394771845;557.076923076923;881.230769230769;970;1103.23076923077;1086.76923076923;1091.23076923077;1108.53846153846;1132.38461538462;1024.53846153846;1091.92307692308;744.846153846154;"wet";"sand";"uca";0;0;0;0;100;0;"H";"N";"N";5;0.124;5.65;"sandy_uca";"sandy-with-FBA";NA;NA;NA;NA;NA;NA;NA;NA;NA;NA;NA;NA;NA;NA;NA;NA
"2497";95;81.2795785537702;111.610383542703;676.285714285714;1043.42857142857;1095.42857142857;1284.85714285714;1246.85714285714;1241.42857142857;1288.85714285714;1283.85714285714;1051;1047.85714285714;672.142857142857;"-";"sand";"-";0;1;0;0;0;0;"-";"N";"N";9;0.07;8.6;"sandy";"sandy";NA;NA;NA;NA;NA;NA;NA;NA;NA;NA;NA;NA;NA;NA;NA;NA
"2496";96;126.118120588912;136.421222205504;575.368421052632;911.315789473684;976.947368421053;1171.68421052632;1150.26315789474;1140.84210526316;1186.89473684211;1173.94736842105;1008.94736842105;871.631578947368;546.263157894737;"wet";"muddy_sand";"-";40;2;0;0;0;0;"-";"N";"N";8;0.193;9.96;"wet_sandy";"sandy";NA;NA;NA;NA;NA;NA;NA;NA;NA;NA;NA;NA;NA;NA;NA;NA
"2495";97;209.922225053142;160.559470247303;529.142857142857;849.857142857143;963;1110.57142857143;1105.57142857143;1085.28571428571;1120;1128.57142857143;984.857142857143;999;661;"-";"sandy_mud";"uca";0;0;0;0;100;0;"H";"N";"N";20;0.07;25.21;"muddy_uca";"muddy-with-FBA";NA;NA;NA;NA;NA;NA;NA;NA;NA;NA;NA;NA;NA;NA;NA;NA
"2494";98;195.676304288759;138.122617448315;694.321428571429;1017.53571428571;1106.5;1239.64285714286;1218.35714285714;1203.75;1239.5;1247.32142857143;1051.71428571429;980.964285714286;621.75;"wet";"sandy_mud";"uca";40;0;0;0;100;0;"H";"N";"N";17;0.278;21.4;"muddy_uca";"muddy-with-FBA";NA;NA;NA;NA;NA;NA;NA;NA;NA;NA;NA;NA;NA;NA;NA;NA
"2493";99;117.80712014879;97.7689804313269;607.884615384615;965.25;1034.42307692308;1217.42307692308;1190.01923076923;1180.15384615385;1207.55769230769;1232.05769230769;1037.65384615385;905.442307692308;566.173076923077;"wet";"muddy_sand";"-";40;5;0;0;0;0;"-";"N";"N";11;0.494;13.26;"muddy";"muddy";NA;NA;NA;NA;NA;NA;NA;NA;NA;NA;NA;NA;NA;NA;NA;NA
"2492";100;222.144547329203;128.595966772588;548.846153846154;878;978;1158.61538461538;1127.46153846154;1122.15384615385;1150.15384615385;1170.61538461538;1013;986.923076923077;640.538461538462;"-";"sandy_mud";"uca";1;0;0;0;100;0;"H";"N";"N";20;0.124;32.49;"muddy_uca";"muddy-with-FBA";NA;NA;NA;NA;NA;NA;NA;NA;NA;NA;NA;NA;NA;NA;NA;NA
"2491";101;200.547060812816;141.80716609944;673.814814814815;1044.77777777778;1072.40740740741;1252.44444444444;1234.03703703704;1219.7037037037;1257.92592592593;1258.66666666667;1049;890.703703703704;567.851851851852;"wet";"sand";"-";40;1;0;0;0;0;"-";"S";"N";7;0.278;4.44;"wet_sandy";"sandy";NA;NA;NA;NA;NA;NA;NA;NA;NA;NA;NA;NA;NA;NA;NA;NA
"2505";102;112.198799501294;118.467119513275;614.758620689655;963.137931034483;1021.96551724138;1198.96551724138;1187.24137931034;1154.75862068966;1197.79310344828;1215.8275862069;1031.41379310345;880.413793103448;521.827586206897;"wet";"sandy_mud";"-";70;10;0;0;0;0;"-";"N";"N";16;0.278;22.43;"muddy";"muddy";NA;NA;NA;NA;NA;NA;NA;NA;NA;NA;NA;NA;NA;NA;NA;NA
"2503";103;104.426203207469;126.334651666198;597.636363636364;944.909090909091;995.909090909091;1208.54545454545;1173.09090909091;1141.54545454545;1190.81818181818;1205.72727272727;1019.45454545455;871;517.545454545455;"wet";"muddy_sand";"-";70;10;0;0;0;0;"-";"N";"N";16;0.124;16.74;"muddy";"muddy";NA;NA;NA;NA;NA;NA;NA;NA;NA;NA;NA;NA;NA;NA;NA;NA
"2501";104;179.984496647368;204.841159239438;442.5;775;869;1054.5;1017.5;1008.66666666667;1052.5;1056.5;939.333333333333;1002.66666666667;664.166666666667;"-";"mud";"uca";0;0;0;0;0;15;"-";"N";"N";20;0.07;83.66;"muddy_uca";"muddy";NA;NA;NA;NA;NA;NA;NA;NA;NA;NA;NA;NA;NA;NA;NA;NA
"2500";105;214.656608635811;208.516039331736;377.65;710.6;810.85;962.95;933.8;922.85;963.4;993.1;916.8;943.7;625.95;"-";"mud";"uca";0;0;0;5;100;0;"H";"S";"N";19;0.193;94.84;"muddy_uca";"muddy-with-FBA";NA;NA;NA;NA;NA;NA;NA;NA;NA;NA;NA;NA;NA;NA;NA;NA
"2499";106;64.3408976033645;102.006225701966;594.060606060606;953.090909090909;1008.71212121212;1199.31818181818;1184.70454545455;1177.20454545455;1213.09090909091;1207.82575757576;1048.36363636364;869.939393939394;546.30303030303;"wet";"muddy_sand";"-";40;2;0;0;0;0;"-";"S";"N";9;1.514;9.62;"wet_sandy";"sandy";NA;NA;NA;NA;NA;NA;NA;NA;NA;NA;NA;NA;NA;NA;NA;NA
"2364";107;209.897711069709;105.169256525567;556.666666666667;937.333333333333;1018.22222222222;1222.66666666667;1165.66666666667;1168.44444444444;1205;1233.33333333333;1020.33333333333;1086.88888888889;709.555555555556;"dry";"sand";"uca";0;0;0;0;90;0;"M";"N";"N";5;0.093;1.87;"sandy_uca";"sandy-with-FBA";NA;NA;NA;NA;NA;NA;NA;NA;NA;NA;NA;NA;NA;NA;NA;NA
"2362";108;149.587163585522;125.484964878743;584.7968;942.5568;953.504;1135.6576;1109.6368;1094.4;1127.1904;1153.1488;975.0768;913.7888;595.3936;"wet";"sand";"-";25;0;0;0;0;0;"-";"N";"N";7;12.458;2.53;"wet_sandy";"sandy";NA;NA;NA;NA;NA;NA;NA;NA;NA;NA;NA;NA;NA;NA;NA;NA
"2370";109;168.141254444827;126.781852267975;563.463251670379;917.240534521158;944.498886414254;1121.73273942094;1089.84632516704;1073.37861915367;1110.86636971047;1134.38307349666;957.997772828508;945.385300668151;601.405345211581;"wet";"sand";"-";30;0;0;0;0;0;"-";"N";"N";7;6.143;4.67;"wet_sandy";"sandy";NA;NA;NA;NA;NA;NA;NA;NA;NA;NA;NA;NA;NA;NA;NA;NA
"2488";110;222.868270672526;177.716836366569;336.759936406995;655.252782193959;814.858505564388;983.017488076312;931.880763116057;931.184419713832;968.47853736089;993.879173290938;863.605723370429;929.885532591415;602.60413354531;"-";"mud";"uca";1;0;0;10;100;0;"H";"N";"N";20;6.25;72.42;"muddy_uca";"muddy-with-FBA";NA;NA;NA;NA;NA;NA;NA;NA;NA;NA;NA;NA;NA;NA;NA;NA
"8D3";111;117.169457944049;134.391640638688;593.204081632653;968.979591836735;1045.57142857143;1251.67346938776;1219.71428571429;1213.12244897959;1246;1257.34693877551;1025.16326530612;976.448979591837;618.142857142857;"-";"sand";"shell";5;15;0;0;0;10;"-";"N";"N";11;0.496;8.88;"sandy";"sandy";NA;NA;NA;NA;NA;NA;NA;NA;NA;NA;NA;NA;NA;NA;NA;NA
"8D1";112;163.650778872388;155.760896842959;560.272727272727;907.974025974026;967.480519480519;1177.68831168831;1145.31168831169;1141.87012987013;1169.12987012987;1186.77922077922;1010.72727272727;1004.1038961039;657.285714285714;"wet";"muddy_sand";"uca";15;5;0;0;80;0;"M";"N";"N";11;0.793;9.03;"sandy_uca";"sandy-with-FBA";NA;NA;NA;NA;NA;NA;NA;NA;NA;NA;NA;NA;NA;NA;NA;NA
"2387";113;105.559949149692;113.421443686538;691;1047.33333333333;1095;1283.33333333333;1269.16666666667;1251.5;1294;1292.33333333333;1342;1081.5;769.333333333333;"-";"sand";"uca";0;0;0;1;100;0;"M";"N";"N";6;0.082;4.21;"sandy_uca";"sandy-with-FBA";NA;NA;NA;NA;NA;NA;NA;NA;NA;NA;NA;NA;NA;NA;NA;NA
"2382";114;137.371101367436;117.180965592416;588.1776;952.9136;990.1648;1194.4336;1171.9584;1168.3232;1194.6336;1206.7264;1018.88;932.9696;598.8496;"wet";"sand";"-";35;0;0;0;0;0;"-";"N";"N";7;6.291;4.27;"wet_sandy";"sandy";NA;NA;NA;NA;NA;NA;NA;NA;NA;NA;NA;NA;NA;NA;NA;NA
"2371";115;173.807852409;128.801461971492;604.4064;962.0176;1003.0464;1197.2992;1175.0448;1166.6864;1195.6544;1213.8048;1031.8656;949.9472;617.2736;"wet";"sand";"-";25;0;0;0;0;0;"-";"N";"N";6;6.308;3.1;"wet_sandy";"sandy";NA;NA;NA;NA;NA;NA;NA;NA;NA;NA;NA;NA;NA;NA;NA;NA
"2546";116;165.474070731029;135.200057169574;658.10861423221;1009.765917603;1075.55243445693;1285.97752808989;1269.33707865169;1278.42322097378;1298.04119850187;1289.76404494382;1059.63670411985;956.284644194757;630.239700374532;"-";"sandy_mud";"-";40;5;0;5;0;0;"-";"N";"N";17;6.279;29.28;"muddy";"muddy";NA;NA;NA;NA;NA;NA;NA;NA;NA;NA;NA;NA;NA;NA;NA;NA
"2365";117;165.602502749629;137.210030988477;534;908.5;959;1153;1133;1129.5;1134;1180.5;987;982;646;"wet";"muddy_sand";"-";20;0;0;0;0;0;"-";"N";"N";10;0.031;19.57;"muddy";"muddy";NA;NA;NA;NA;NA;NA;NA;NA;NA;NA;NA;NA;NA;NA;NA;NA
"2363";118;197.783003836683;137.338801695548;577.965517241379;934.241379310345;988.379310344828;1195.72413793103;1149.75862068966;1151.86206896552;1191.03448275862;1211.34482758621;1032.06896551724;1007.72413793103;657.137931034483;"wet";"sand";"-";20;0;0;0;NA;0;"-";"N";"N";10;0.278;8.57;"wet_sandy";"sandy";NA;NA;NA;NA;NA;NA;NA;NA;NA;NA;NA;NA;NA;NA;NA;NA
"2359";119;73.5339837924093;138.437162948621;557.714285714286;923.285714285714;964.571428571429;1160.57142857143;1122.42857142857;1110.57142857143;1121.28571428571;1177.28571428571;982.857142857143;836.285714285714;518.857142857143;"wet";"muddy_sand";"-";45;5;0;0;0;0;"-";"N";"N";10;0.07;10.66;"muddy";"muddy";NA;NA;NA;NA;NA;NA;NA;NA;NA;NA;NA;NA;NA;NA;NA;NA
"2356";120;219.458573775201;185.829606808618;409.301587301587;729.932178932179;847.58152958153;991.62481962482;961.909090909091;961.131313131313;985.520923520923;1002.9696969697;874.350649350649;934.672438672439;616.447330447331;"-";"muddy_sand";"uca";30;1;0;3;100;0;"H";"N";"N";20;6.953;12.12;"muddy_uca";"muddy-with-FBA";NA;NA;NA;NA;NA;NA;NA;NA;NA;NA;NA;NA;NA;NA;NA;NA
"2383";121;115.297399308083;115.48752620778;711.285714285714;1043;1078.85714285714;1250.28571428571;1238.42857142857;1213.57142857143;1253.71428571429;1256.42857142857;1066.71428571429;1087.14285714286;716.857142857143;"wet";"sand";"-";0;0;0;0;0;0;"-";"N";"N";NA;0.07;4.96;"sandy";"sandy";NA;NA;NA;NA;NA;NA;NA;NA;NA;NA;NA;NA;NA;NA;NA;NA
"2381";122;77.4831814065928;125.384311073893;636.535714285714;989.928571428571;1049.14285714286;1228.28571428571;1216.10714285714;1199.07142857143;1230.57142857143;1251.67857142857;1039.96428571429;924.571428571429;585.464285714286;"wet";"sand";"-";65;1;0;0;0;0;"-";"N";"N";11;0.278;8.09;"wet_sandy";"sandy";NA;NA;NA;NA;NA;NA;NA;NA;NA;NA;NA;NA;NA;NA;NA;NA
"2379";123;144.826729748089;110.53509170349;1058.91666666667;1449;1481.83333333333;1691;1650.16666666667;1639.25;1696.33333333333;1708.25;1370.5;1671.41666666667;1180.91666666667;"wet";"beach_sand";"-";10;0;0;0;20;0;"L";"N";"N";5;0.124;2.66;"beach_sand";"sandy";NA;NA;NA;NA;NA;NA;NA;NA;NA;NA;NA;NA;NA;NA;NA;NA
"2368";124;73.3254461677014;129.673269416793;618;937.285714285714;1000.71428571429;1169.14285714286;1146.42857142857;1143.57142857143;1165.28571428571;1203.28571428571;1000;940.428571428571;581.714285714286;"wet";"muddy_sand";"-";50;5;0;0;0;0;"-";"N";"N";13;0.07;15.92;"muddy";"muddy";NA;NA;NA;NA;NA;NA;NA;NA;NA;NA;NA;NA;NA;NA;NA;NA
"2397";125;233.02610214535;182.630769447768;660.090909090909;981;1046.18181818182;1165.09090909091;1174.45454545455;1145.72727272727;1158.27272727273;1166.54545454545;987.090909090909;1021.27272727273;690.181818181818;"wet";"muddy_sand";"uca";20;0;0;0;100;0;"H";"N";"N";17;0.124;14.42;"muddy_uca";"muddy-with-FBA";NA;NA;NA;NA;NA;NA;NA;NA;NA;NA;NA;NA;NA;NA;NA;NA
"2392";126;146.901714378249;99.121096713807;662.578947368421;1020.89473684211;1102.31578947368;1276.63157894737;1261.21052631579;1245.21052631579;1285.52631578947;1287.84210526316;1071.78947368421;888.052631578947;555.368421052632;"wet";"muddy_sand";"-";60;1;0;0;0;0;"-";"N";"N";11;0.193;16.01;"muddy";"muddy";NA;NA;NA;NA;NA;NA;NA;NA;NA;NA;NA;NA;NA;NA;NA;NA
"2391";127;201.177959264304;124.252337457288;580.962962962963;903.148148148148;1001.85185185185;1119.37037037037;1107.7037037037;1103.2962962963;1113.7037037037;1126.40740740741;980.666666666667;1003.07407407407;681.37037037037;"-";"sandy_mud";"uca";0;0;0;1;100;0;"H";"N";"N";20;0.278;29.22;"muddy_uca";"muddy-with-FBA";NA;NA;NA;NA;NA;NA;NA;NA;NA;NA;NA;NA;NA;NA;NA;NA
"2389";128;187.681191372514;148.668683361409;759.333333333333;1075;1152.33333333333;1251;1280;1250.66666666667;1273.66666666667;1273;1028;1036.33333333333;677;"wet";"muddy_sand";"uca";40;1;0;0;100;0;"H";"N";"N";15;0.07;18.21;"muddy_uca";"muddy-with-FBA";NA;NA;NA;NA;NA;NA;NA;NA;NA;NA;NA;NA;NA;NA;NA;NA
"2388";129;133.124814920205;121.523573492091;651.636363636364;1012.09090909091;1092.90909090909;1280.90909090909;1267.72727272727;1255.63636363636;1291.27272727273;1309.90909090909;1095.09090909091;856.818181818182;523.363636363636;"wet";"muddy_sand";"-";85;1;0;0;0;0;"-";"N";"N";11;0.124;10.66;"muddy";"muddy";NA;NA;NA;NA;NA;NA;NA;NA;NA;NA;NA;NA;NA;NA;NA;NA
"2401";130;176.090274959719;89.5974015633239;577.5;919;1003.5;1146;1150.5;1167.5;1189;1193.5;1102;1127.5;773.5;"wet";"sand";"uca";20;0;0;2;100;0;"H";"N";"N";8;0.031;7.44;"sandy_uca";"sandy-with-FBA";NA;NA;NA;NA;NA;NA;NA;NA;NA;NA;NA;NA;NA;NA;NA;NA
"2613";131;195.969015985305;162.413464481145;519;834.142857142857;938.714285714286;1118.85714285714;1054.42857142857;1086.71428571429;1102;1141.28571428571;992;946.142857142857;623.285714285714;"wet";"muddy_sand";"uca";10;0;0;0;100;0;"H";"N";"N";NA;0.07;17.14;"muddy_uca";"muddy-with-FBA";NA;NA;NA;NA;NA;NA;NA;NA;NA;NA;NA;NA;NA;NA;NA;NA
"2610";132;151.392551347688;119.107381942765;680.384615384615;1001.30769230769;1092.30769230769;1264.15384615385;1235.46153846154;1231.84615384615;1261.30769230769;1267.61538461538;1070.69230769231;1044;671.307692307692;"wet";"muddy_sand";"uca";30;0;0;0;100;0;"H";"N";"N";NA;0.124;13.28;"muddy_uca";"muddy-with-FBA";NA;NA;NA;NA;NA;NA;NA;NA;NA;NA;NA;NA;NA;NA;NA;NA
"2609";133;100.468036431952;108.056292868482;557.134615384615;928.134615384615;1016.21153846154;1237.42307692308;1198.44230769231;1201.59615384615;1239.46153846154;1265.75;1064.07692307692;817.692307692308;484.5;"wet";"muddy_sand";"-";70;2;0;0;0;0;"-";"N";"N";NA;0.494;9.13;"wet_sandy";"sandy";NA;NA;NA;NA;NA;NA;NA;NA;NA;NA;NA;NA;NA;NA;NA;NA
"2608";134;153.347123011028;128.599711353759;590.45;902.333333333333;1006.51666666667;1219.63333333333;1167.11666666667;1197.65;1228.93333333333;1254;1041.85;966.183333333333;617.666666666667;"wet";"muddy_sand";"uca";40;0;0;5;100;0;"H";"N";"N";NA;0.626;12.06;"muddy_uca";"muddy-with-FBA";NA;NA;NA;NA;NA;NA;NA;NA;NA;NA;NA;NA;NA;NA;NA;NA
"2622";135;173.653369981709;139.890892261705;762.8;1166.5;1241.3;1428.6;1367.2;1360.15;1398.6;1463.7;1167.35;1482.1;1000.95;"dry";"beach_sand_uca";"uca";0;0;0;0;100;0;"M";"N";"N";NA;0.193;1.87;"beach_sand_uca";"sandy-with-FBA";NA;NA;NA;NA;NA;NA;NA;NA;NA;NA;NA;NA;NA;NA;NA;NA
"2621";136;136.764506716914;133.310189834562;695.833333333333;1088.5;1153.16666666667;1343.16666666667;1311.33333333333;1274;1327.66666666667;1375;1143;1285.66666666667;840.666666666667;"dry";"beach_sand_uca";"uca";0;0;0;0;50;0;"L";"N";"N";NA;0.124;2.66;"beach_sand_uca";"sandy-with-FBA";NA;NA;NA;NA;NA;NA;NA;NA;NA;NA;NA;NA;NA;NA;NA;NA
"2620";137;115.560220267546;121.885942099454;654.25;992.833333333333;1074.25;1266.16666666667;1205.66666666667;1211.5;1264.16666666667;1307.83333333333;1109;1211.83333333333;796.833333333333;"-";"sand";"uca";0;1;0;0;100;0;"H";"N";"N";NA;0.124;3.3;"sandy_uca";"sandy-with-FBA";NA;NA;NA;NA;NA;NA;NA;NA;NA;NA;NA;NA;NA;NA;NA;NA
"2619";138;162.830423496837;127.023320110741;701.545454545455;1053.18181818182;1120.54545454545;1306;1255.63636363636;1269.81818181818;1254.90909090909;1293.90909090909;1128.18181818182;1141.36363636364;737.636363636364;"-";"sand";"uca";0;0;0;0;100;0;"H";"N";"N";NA;0.124;4.79;"sandy_uca";"sandy-with-FBA";NA;NA;NA;NA;NA;NA;NA;NA;NA;NA;NA;NA;NA;NA;NA;NA
"2618";139;195.00794266925;105.921991403951;700.615384615385;1029.46153846154;1130.15384615385;1268.30769230769;1262.46153846154;1259.30769230769;1268.15384615385;1294.92307692308;1088;1021.69230769231;645.461538461538;"wet";"muddy_sand";"uca";15;1;0;0;100;0;"H";"N";"N";NA;0.124;17.76;"muddy_uca";"muddy-with-FBA";NA;NA;NA;NA;NA;NA;NA;NA;NA;NA;NA;NA;NA;NA;NA;NA
"2617";140;216.973984741546;139.290319385342;713.076923076923;1052.92307692308;1134.30769230769;1274.46153846154;1258.76923076923;1244.30769230769;1276.23076923077;1296;1095.07692307692;1009.46153846154;625.923076923077;"wet";"muddy_sand";"uca";15;1;0;0;100;0;"H";"N";"N";NA;0.124;12.61;"muddy_uca";"muddy-with-FBA";NA;NA;NA;NA;NA;NA;NA;NA;NA;NA;NA;NA;NA;NA;NA;NA
"2616";141;185.408935246061;134.525451997581;700.632653061224;1029.9387755102;1112.81632653061;1248.20408163265;1232.5306122449;1227.9387755102;1255.5306122449;1258.83673469388;1061.97959183673;993.591836734694;629.816326530612;"wet";"muddy_sand";"uca";20;1;0;0;100;0;"H";"N";"N";NA;0.494;11.42;"muddy_uca";"muddy-with-FBA";NA;NA;NA;NA;NA;NA;NA;NA;NA;NA;NA;NA;NA;NA;NA;NA
"2615";142;205.924238950267;168.673041553452;645.166666666667;987.722222222222;1067.77777777778;1216.88888888889;1206.27777777778;1196.61111111111;1222.38888888889;1225.44444444444;1037.77777777778;937.388888888889;595.777777777778;"wet";"muddy_sand";"uca";20;1;0;0;100;0;"H";"N";"N";NA;0.193;18.02;"muddy_uca";"muddy-with-FBA";NA;NA;NA;NA;NA;NA;NA;NA;NA;NA;NA;NA;NA;NA;NA;NA
"2630";143;178.064419571443;128.01452112212;623;943;992;1192;1198;1173;1215;1255;1020;1144;756;"-";"mud";"-";5;1;0;0;0;0;"-";"N";"N";NA;0.008;50.28;"muddy";"muddy";NA;NA;NA;NA;NA;NA;NA;NA;NA;NA;NA;NA;NA;NA;NA;NA
"2629";144;163.246212277886;133.100448805735;559.25;890.5;979.25;1154;1150;1140;1161;1192;1020;1109;722;"-";"mud";"-";5;1;0;0;0;0;"-";"N";"N";NA;0.008;58.74;"muddy";"muddy";NA;NA;NA;NA;NA;NA;NA;NA;NA;NA;NA;NA;NA;NA;NA;NA
"2628";145;187.076992705642;152.590311847285;533;882.571428571429;1005.14285714286;1135.42857142857;1142.85714285714;1091.14285714286;1127;1163.14285714286;954;1051;695.857142857143;"wet";"mud";"uca";0;1;0;0;100;0;"H";"N";"N";NA;0.07;NA;"muddy_uca";"muddy-with-FBA";NA;NA;NA;NA;NA;NA;NA;NA;NA;NA;NA;NA;NA;NA;NA;NA
"2627";146;186.436960086436;78.5905140093391;564;940;973;1144;1178;1128;1225;1208;954;1047;691;"wet";"mud";"uca";0;1;0;0;100;0;"H";"N";"N";NA;0.031;NA;"muddy_uca";"muddy-with-FBA";NA;NA;NA;NA;NA;NA;NA;NA;NA;NA;NA;NA;NA;NA;NA;NA
"2626";147;160.393996074604;147.406339507257;546.769230769231;886.230769230769;977.461538461538;1140.46153846154;1116.61538461538;1107.92307692308;1126;1152.76923076923;965.153846153846;894.153846153846;563.615384615385;"wet";"muddy_sand";"-";10;2;0;0;0;0;"-";"N";"N";NA;0.124;14.48;"muddy";"muddy";NA;NA;NA;NA;NA;NA;NA;NA;NA;NA;NA;NA;NA;NA;NA;NA
"2625";148;144.06416874662;142.414659592107;585;925.428571428571;995.857142857143;1172.85714285714;1125.42857142857;1110.42857142857;1144.42857142857;1174;959;957.142857142857;608.571428571429;"wet";"muddy_sand";"-";15;1;0;0;0;0;"-";"N";"N";NA;0.07;17.38;"muddy";"muddy";NA;NA;NA;NA;NA;NA;NA;NA;NA;NA;NA;NA;NA;NA;NA;NA
"2624";149;171.465688440996;117.121524724272;598;877;999;1139;1130;1093;1121.5;1126;911;927;597.5;"wet";"muddy_sand";"-";15;1;0;0;0;0;"-";"N";"N";NA;0.031;17.05;"muddy";"muddy";NA;NA;NA;NA;NA;NA;NA;NA;NA;NA;NA;NA;NA;NA;NA;NA
"2623";150;152.37429944285;105.366285002998;618.8;967;1042.45;1230.9;1217.45;1188.45;1235.95;1244.6;1043.6;1085.8;702.2;"-";"sandy_mud";"-";10;1;0;0;0;0;"-";"S";"N";NA;0.193;24.9;"muddy";"muddy";NA;NA;NA;NA;NA;NA;NA;NA;NA;NA;NA;NA;NA;NA;NA;NA
"8D4";151;105.937414238865;116.53546942545;608.5;953;1000.25;1169;1174;1142;1200;1172;1007;878;561;"wet";"sand";"-";20;0;0;0;0;0;"-";"N";"N";10;0.031;8.57;"wet_sandy";"sandy";NA;NA;NA;NA;NA;NA;NA;NA;NA;NA;NA;NA;NA;NA;NA;NA
"2514";152;140.725198223117;115.609625335693;609.894736842105;975.631578947368;1076.63157894737;1234.42105263158;1211.10526315789;1185.68421052632;1213.36842105263;1251.10526315789;994.631578947368;1019.15789473684;642.789473684211;"wet";"sandy_mud";"-";35;10;0;0;0;0;"-";"N";"N";20;0.193;29.1;"muddy";"muddy";NA;NA;NA;NA;NA;NA;NA;NA;NA;NA;NA;NA;NA;NA;NA;NA
"2513";153;146.773751497993;134.507919293706;578.836734693878;927.081632653061;1026.28571428571;1210.44897959184;1174.65306122449;1161.18367346939;1200;1233.32653061224;1038.40816326531;960.571428571429;586.224489795918;"wet";"sandy_mud";"-";60;10;0;0;0;0;"-";"N";"N";13;0.494;24.06;"muddy";"muddy";NA;NA;NA;NA;NA;NA;NA;NA;NA;NA;NA;NA;NA;NA;NA;NA
"2512";154;178.90520992946;148.355429197553;526.692307692308;861.153846153846;975.384615384615;1129.07692307692;1093.15384615385;1095.61538461538;1130.23076923077;1163.23076923077;1042.38461538462;1098.30769230769;722.692307692308;"wet";"muddy_sand";"uca";20;0;0;0;100;0;"H";"N";"N";8;0.124;9.07;"sandy_uca";"sandy-with-FBA";NA;NA;NA;NA;NA;NA;NA;NA;NA;NA;NA;NA;NA;NA;NA;NA
"2511";155;135.336904844453;107.358414480954;544.789473684211;890.5;1011.52631578947;1207.78947368421;1170.89473684211;1171.60526315789;1201.84210526316;1233.71052631579;1049.84210526316;874.526315789474;528.473684210526;"wet";"sandy_mud";"-";70;10;0;0;0;0;"-";"N";"N";16;0.379;24.45;"muddy";"muddy";NA;NA;NA;NA;NA;NA;NA;NA;NA;NA;NA;NA;NA;NA;NA;NA
"2508";156;201.876213128897;148.607013393494;620;933.625;1007.375;1105.75;1090;1010.75;1063.25;1089;821.5;984.5;635.25;"-";"mud";"uca";0;0;0;5;100;0;"H";"N";"N";20;0.07;56.18;"muddy_uca";"muddy-with-FBA";NA;NA;NA;NA;NA;NA;NA;NA;NA;NA;NA;NA;NA;NA;NA;NA
"2523";157;148.094737836923;102.507145850386;729;1091;1132;1325;1290.91666666667;1263.16666666667;1314.66666666667;1326.66666666667;1145;1098.75;684.25;"wet";"muddy_sand";"-";15;5;0;5;0;0;"-";"N";"N";8;0.124;11.48;"muddy";"muddy";NA;NA;NA;NA;NA;NA;NA;NA;NA;NA;NA;NA;NA;NA;NA;NA
"2522";158;187.522718474282;149.072220029796;714.666666666667;1030;1111.33333333333;1240;1196;1202.33333333333;1214;1265.66666666667;1074;1205.66666666667;780;"wet";"sand";"-";2;1;0;0;0;0;"-";"N";"N";4;0.07;3.28;"sandy";"sandy";NA;NA;NA;NA;NA;NA;NA;NA;NA;NA;NA;NA;NA;NA;NA;NA
"2521";159;199.916903227438;120.102349946079;700.435897435897;1045.29487179487;1108.98717948718;1278.07692307692;1236.78205128205;1232.47435897436;1263.5;1294.52564102564;1104.9358974359;1170.85897435897;747.038461538462;"wet";"sand";"-";2;1;0;0;0;0;"-";"N";"N";4;0.773;3.28;"sandy";"sandy";NA;NA;NA;NA;NA;NA;NA;NA;NA;NA;NA;NA;NA;NA;NA;NA
"2520";160;151.069957940584;130.554598138343;576.4;904.2;996.65;1155.4;1130.55;1110.95;1141.4;1172;1003.8;1106.6;731.05;"wet";"sand";"uca";1;0;0;0;100;0;"H";"N";"N";5;0.193;6.84;"sandy_uca";"sandy-with-FBA";NA;NA;NA;NA;NA;NA;NA;NA;NA;NA;NA;NA;NA;NA;NA;NA
"2519";161;222.606187994618;185.559886243025;367.316725978648;679.032028469751;830.003558718861;993.729537366548;952.330960854092;947.580071174377;978.409252669039;1005.09964412811;856.387900355872;945.444839857651;619.985765124555;"-";"mud";"uca";1;0;0;0;100;0;"H";"N";"N";20;3.09;44.12;"muddy_uca";"muddy-with-FBA";NA;NA;NA;NA;NA;NA;NA;NA;NA;NA;NA;NA;NA;NA;NA;NA
"2518";162;176.783532854767;163.644732648598;614;949;1030;1172;1138;1094;1141;1168;981;913;586;"wet";"sandy_mud";"-";30;1;0;0;0;0;"-";"N";"N";15;0.008;21.56;"muddy";"muddy";NA;NA;NA;NA;NA;NA;NA;NA;NA;NA;NA;NA;NA;NA;NA;NA
"2517";163;180.871496390597;228.997675279122;599.5;907.5;1014.5;1145.5;1111.75;1092;1135;1176;1022;1179;772.5;"wet";"sand";"uca";0;0;0;0;100;0;"M";"N";"N";4;0.031;3.48;"sandy_uca";"sandy-with-FBA";NA;NA;NA;NA;NA;NA;NA;NA;NA;NA;NA;NA;NA;NA;NA;NA
"2516";164;173.259813854381;110.748627775184;417.75;763;879.25;1042.5;1011.75;1010.25;1058.75;1089.5;969;1108.25;744.5;"-";"sand";"uca";0;10;0;0;100;0;"H";"N";"N";7;0.031;7.42;"sandy_uca";"sandy-with-FBA";NA;NA;NA;NA;NA;NA;NA;NA;NA;NA;NA;NA;NA;NA;NA;NA
"2531";165;175.792868060978;114.482017768647;660.8;1027.86;1090.64;1290.76;1235.6;1245.56;1278.66;1316.92;1119.36;1107.84;687.54;"wet";"sand";"-";0;0;0;0;0;0;"-";"N";"N";4;0.494;3.61;"sandy";"sandy";NA;NA;NA;NA;NA;NA;NA;NA;NA;NA;NA;NA;NA;NA;NA;NA
"2530";166;224.002856445824;196.080878927509;479;807;945;1108;1065;1038;1085;1094;925;1000;666;"-";"muddy_sand";"uca";0;0;0;0;0;0;"-";"N";"N";7;0.008;17.92;"muddy_uca";"muddy";NA;NA;NA;NA;NA;NA;NA;NA;NA;NA;NA;NA;NA;NA;NA;NA
"2529";167;183.125786578253;78.0261796699953;543.857142857143;884.857142857143;988.142857142857;1179.71428571429;1143.42857142857;1148.71428571429;1183.14285714286;1193.71428571429;1028.57142857143;913.285714285714;562.142857142857;"wet";"muddy_sand";"-";20;0;0;0;0;0;"-";"N";"N";9;0.07;11.1;"muddy";"muddy";NA;NA;NA;NA;NA;NA;NA;NA;NA;NA;NA;NA;NA;NA;NA;NA
"2528";168;211.599595607239;114.540208707558;655.333333333333;946.333333333333;1062.66666666667;1207.33333333333;1191.33333333333;1166;1221.66666666667;1244;1056.33333333333;1113.66666666667;718;"wet";"muddy_sand";"uca";0;0;0;0;100;0;"M";"N";"N";5;0.031;9.4;"sandy_uca";"sandy-with-FBA";NA;NA;NA;NA;NA;NA;NA;NA;NA;NA;NA;NA;NA;NA;NA;NA
"2542";169;182.197667501644;127.001133184669;664.285714285714;1002.71428571429;1086.57142857143;1287.42857142857;1260.28571428571;1265.71428571429;1288;1292.71428571429;1097;1011.71428571429;641;"wet";"sandy_mud";"-";20;0;0;5;0;0;"-";"N";"N";20;0.07;18.83;"muddy";"muddy";NA;NA;NA;NA;NA;NA;NA;NA;NA;NA;NA;NA;NA;NA;NA;NA
"2541";170;169.378270908139;122.476276011955;592;903.428571428571;1005.14285714286;1184;1165.85714285714;1163.71428571429;1202.71428571429;1220.57142857143;1053.71428571429;1070.28571428571;696.857142857143;"wet";"sand";"uca";0;10;0;0;100;0;"H";"N";"N";9;0.07;8.08;"sandy_uca";"sandy-with-FBA";NA;NA;NA;NA;NA;NA;NA;NA;NA;NA;NA;NA;NA;NA;NA;NA
"2540";171;165.114996407402;159.339765350386;732.142857142857;1071.71428571429;1173.42857142857;1338;1295.71428571429;1301.85714285714;1315.14285714286;1337.85714285714;1023;1059.71428571429;680.714285714286;"-";"muddy_sand";"uca";0;5;0;0;100;0;"H";"N";"N";15;0.07;13.78;"muddy_uca";"muddy-with-FBA";NA;NA;NA;NA;NA;NA;NA;NA;NA;NA;NA;NA;NA;NA;NA;NA
"2539";172;186.065943453133;237.641033319948;574;915;1032;1238;1130;1152;1172;1196;1154;1033;657;"-";"mud";"uca";2;0;0;0;100;0;"H";"N";"N";20;0.008;NA;"muddy_uca";"muddy-with-FBA";NA;NA;NA;NA;NA;NA;NA;NA;NA;NA;NA;NA;NA;NA;NA;NA
"2538";173;175.416099260872;174.427931771638;658;1028;1136;1332;1249;1231;1241;1271;938;968;590;"wet";"muddy_sand";"macroalgae";20;30;0;0;0;50;"-";"N";"N";10;0.008;12.68;"muddy";"muddy";NA;NA;NA;NA;NA;NA;NA;NA;NA;NA;NA;NA;NA;NA;NA;NA
"2537";174;211.68982701771;156.863803316356;712.5;1074;1155;1316;1184;1061;1071;1049;994;868;543;"wet";"muddy_sand";"-";15;30;0;0;0;0;"-";"N";"N";8;0.031;NA;"sandy";"sandy";NA;NA;NA;NA;NA;NA;NA;NA;NA;NA;NA;NA;NA;NA;NA;NA
"2553";175;172.586240631467;132.45133365379;524;869.928571428571;971.714285714286;1113;1112.42857142857;1108.21428571429;1116.78571428571;1150.42857142857;1017.64285714286;1051.07142857143;695.357142857143;"wet";"muddy_sand";"uca";0;0;0;5;100;0;"H";"N";"N";14;0.124;10.98;"muddy_uca";"muddy-with-FBA";NA;NA;NA;NA;NA;NA;NA;NA;NA;NA;NA;NA;NA;NA;NA;NA
"2552";176;162.77744143258;127.529606113945;670.090909090909;1038.27272727273;1047.90909090909;1195.09090909091;1195.09090909091;1169.63636363636;1207.81818181818;1205.27272727273;1057.54545454545;1001.54545454545;648.636363636364;"wet";"sand";"-";15;0;0;0;0;0;"-";"S";"N";3;0.124;2.74;"sandy";"sandy";NA;NA;NA;NA;NA;NA;NA;NA;NA;NA;NA;NA;NA;NA;NA;NA
"2551";177;171.430604890034;140.571505594394;662.375;1028;1026.625;1187.75;1160.5;1151.25;1168.625;1172.125;1021;1034.375;679;"wet";"sand";"uca";1;0;0;0;100;0;"L";"N";"N";3;0.07;1.94;"sandy_uca";"sandy-with-FBA";NA;NA;NA;NA;NA;NA;NA;NA;NA;NA;NA;NA;NA;NA;NA;NA
"2550";178;201.86299934512;116.866163781985;488.142857142857;835;916.714285714286;1083.71428571429;1070.14285714286;1056.71428571429;1061.71428571429;1107.71428571429;1014.28571428571;1036.85714285714;685.285714285714;"wet";"sandy_mud";"uca";0;0;0;0;100;0;"H";"N";"N";13;0.07;26.79;"muddy_uca";"muddy-with-FBA";NA;NA;NA;NA;NA;NA;NA;NA;NA;NA;NA;NA;NA;NA;NA;NA
"2545";179;179.411841046616;147.217758048737;757.459016393443;1147.26229508197;1219.77049180328;1406.29508196721;1368.96721311475;1356.7868852459;1392.50819672131;1433;1193.65573770492;1285.11475409836;825.672131147541;"wet";"beach_sand_uca";"uca";0;0;0;0;100;0;"M";"N";"N";4;0.626;2.15;"beach_sand_uca";"sandy-with-FBA";NA;NA;NA;NA;NA;NA;NA;NA;NA;NA;NA;NA;NA;NA;NA;NA
"2544";180;226.350803917221;223.212023504062;405;707.5;849.625;1016.625;960.625;977.125;1012.125;1047.75;932.25;923.875;610.125;"-";"mud";"uca";0;0;0;0;100;0;"H";"N";"N";20;0.07;60.49;"muddy_uca";"muddy-with-FBA";NA;NA;NA;NA;NA;NA;NA;NA;NA;NA;NA;NA;NA;NA;NA;NA
"2543";181;232.863302366962;103.066613227705;637.461538461538;962.538461538462;1068.15384615385;1235.38461538462;1200.46153846154;1200.61538461538;1224.76923076923;1267.07692307692;1086.23076923077;1108.46153846154;727.230769230769;"wet";"sand";"uca";2;15;0;0;100;0;"H";"N";"N";10;0.124;7.03;"sandy_uca";"sandy-with-FBA";NA;NA;NA;NA;NA;NA;NA;NA;NA;NA;NA;NA;NA;NA;NA;NA
"2562";182;214.636088465834;139.123421095672;716.628205128205;1047.79487179487;1097.61538461538;1286.17948717949;1281.85897435897;1292.62820512821;1304.51282051282;1278.76923076923;1051.5641025641;964.384615384615;636.192307692308;"wet";"sandy_mud";"-";30;0;0;5;0;20;"-";"S";"N";20;0.773;32.5;"muddy";"muddy";NA;NA;NA;NA;NA;NA;NA;NA;NA;NA;NA;NA;NA;NA;NA;NA
"2561";183;212.757808781577;121.855959211453;704.666666666667;1041.66666666667;1071.83333333333;1297.66666666667;1274.33333333333;1301.66666666667;1321.83333333333;1285.16666666667;1049.66666666667;965.166666666667;634.666666666667;"wet";"mud";"green";40;0;0;5;0;50;"-";"S";"N";20;0.124;56.41;"muddy";"muddy";NA;NA;NA;NA;NA;NA;NA;NA;NA;NA;NA;NA;NA;NA;NA;NA
"2559";184;177.500390085967;147.74018698884;733.363636363636;1070.18181818182;1113.63636363636;1285.27272727273;1301;1302;1294.18181818182;1276.09090909091;1039;931.181818181818;627.909090909091;"wet";"mud";"-";40;0;0;0;0;0;"-";"N";"N";20;0.124;NA;"muddy";"muddy";NA;NA;NA;NA;NA;NA;NA;NA;NA;NA;NA;NA;NA;NA;NA;NA
"2558";185;178.754839117093;121.172994466183;729.766233766234;1067.06493506494;1105.74025974026;1295.63636363636;1299.49350649351;1308.36363636364;1315.15584415584;1283.24675324675;1063.09090909091;947.532467532468;636.623376623377;"wet";"sandy_mud";"-";30;1;0;10;0;0;"-";"N";"N";20;0.773;31.74;"muddy";"muddy";NA;NA;NA;NA;NA;NA;NA;NA;NA;NA;NA;NA;NA;NA;NA;NA
"2557";186;220.865884123209;150.963361576596;756.918367346939;1080.28571428571;1094.61224489796;1302.40816326531;1301.61224489796;1309.02040816327;1329.38775510204;1295.0612244898;1088.83673469388;1017.02040816327;677.224489795918;"wet";"mud";"green";30;0;0;0;0;50;"-";"S";"N";20;0.494;59.15;"muddy";"muddy";NA;NA;NA;NA;NA;NA;NA;NA;NA;NA;NA;NA;NA;NA;NA;NA
"2555";187;170.645765291243;147.409130705883;655.75;1018.5;1064;1201;1169;1156;1171;1231;1036;1069;706;"dry";"sand";"-";15;0;0;0;0;0;"-";"S";"N";3;0.031;3.47;"sandy";"sandy";NA;NA;NA;NA;NA;NA;NA;NA;NA;NA;NA;NA;NA;NA;NA;NA
"2554";188;148.438493400464;125.522294187836;660.142857142857;1022;1028;1176.57142857143;1140.85714285714;1112.57142857143;1158.14285714286;1178.57142857143;1014.28571428571;1052.42857142857;693.571428571429;"dry";"sand";"-";15;0;0;0;0;0;"-";"S";"N";3;0.07;3.47;"sandy";"sandy";NA;NA;NA;NA;NA;NA;NA;NA;NA;NA;NA;NA;NA;NA;NA;NA
"2571";189;158.734247049619;158.539623660344;609.571428571429;952.714285714286;1007.42857142857;1134.28571428571;1113.71428571429;1127.42857142857;1140.28571428571;1141.85714285714;974.428571428571;1051.71428571429;683.714285714286;"wet";"muddy_sand";"uca";0;0;0;0;100;0;"H";"S";"N";6;0.07;9.97;"sandy_uca";"sandy-with-FBA";NA;NA;NA;NA;NA;NA;NA;NA;NA;NA;NA;NA;NA;NA;NA;NA
"2569";190;191.859000830122;142.149786291274;910.631578947368;1230.94736842105;1228.52631578947;1356;1331.78947368421;1306.84210526316;1325.31578947368;1353.94736842105;1118.36842105263;1139.89473684211;766.578947368421;"dry";"sand";"-";5;0;0;0;0;0;"-";"N";"N";3;0.193;1.68;"sandy";"sandy";NA;NA;NA;NA;NA;NA;NA;NA;NA;NA;NA;NA;NA;NA;NA;NA
"2568";191;170.135052958557;133.929738587434;736;1108;1092.5;1245.5;1243.5;1214;1246;1249;1030;1041.5;674.5;"dry";"sand";"-";5;0;0;0;0;0;"-";"N";"N";3;0.031;2.33;"sandy";"sandy";NA;NA;NA;NA;NA;NA;NA;NA;NA;NA;NA;NA;NA;NA;NA;NA
"2564";192;188.201583445584;141.320698559433;689.666666666667;1043;1120;1216;1254;1221;1242;1227.66666666667;712;997.666666666667;677;"wet";"sandy_mud";"uca";20;0;0;0;100;0;"H";"N";"N";19;0.07;20.36;"muddy_uca";"muddy-with-FBA";NA;NA;NA;NA;NA;NA;NA;NA;NA;NA;NA;NA;NA;NA;NA;NA
"2437";193;28.677048312918;122.557776390162;660.090909090909;1052.72727272727;1076;1249.63636363636;1249.27272727273;1227.09090909091;1265.54545454545;1260.54545454545;1056.72727272727;997;649.909090909091;"wet";"sand";"-";10;2;0;0;0;0;"-";"N";"N";6;0.124;6.37;"sandy";"sandy";NA;NA;NA;NA;NA;NA;NA;NA;NA;NA;NA;NA;NA;NA;NA;NA
"2436";194;186.22642761997;125.712633981982;700.666666666667;1067.22222222222;1099.33333333333;1290.14814814815;1269.48148148148;1261.66666666667;1294.62962962963;1291.18518518519;1119.96296296296;1067.55555555556;697.296296296296;"wet";"sand";"-";20;0;0;0;0;0;"-";"N";"N";6;0.278;3.77;"wet_sandy";"sandy";NA;NA;NA;NA;NA;NA;NA;NA;NA;NA;NA;NA;NA;NA;NA;NA
"2434";195;184.383519813216;128.631825815304;663.114583333333;1019.66666666667;1058.40625;1258.27083333333;1228.47916666667;1228.88541666667;1257.57291666667;1268.66666666667;1078.67708333333;1064.34375;695.6875;"wet";"sand";"-";30;0;0;0;0;0;"-";"N";"N";7;1.112;5.63;"wet_sandy";"sandy";NA;NA;NA;NA;NA;NA;NA;NA;NA;NA;NA;NA;NA;NA;NA;NA
"2433";196;110.832193228182;118.881679965006;576;893;995;1148;1152;1182;1216;1217;1079;1084;738;"-";"muddy_sand";"-";0;1;0;0;100;0;"L";"N";"N";18;0.008;18.19;"muddy";"muddy-with-FBA";NA;NA;NA;NA;NA;NA;NA;NA;NA;NA;NA;NA;NA;NA;NA;NA
"2432";197;182.293831932181;113.378661236777;626.535211267606;966.478873239437;1006.22535211268;1209.85915492958;1178.49295774648;1184.2676056338;1211.19718309859;1221.74647887324;1045.97183098592;1022.05633802817;666.464788732394;"wet";"sand";"-";30;0;0;0;0;0;"-";"N";"N";5;0.773;5.02;"wet_sandy";"sandy";NA;NA;NA;NA;NA;NA;NA;NA;NA;NA;NA;NA;NA;NA;NA;NA
"2449";198;154.735842038271;133.609159048577;596.421052631579;908.473684210526;1000.15789473684;1159.47368421053;1140.94736842105;1131.63157894737;1157.36842105263;1174.42105263158;972.578947368421;945.052631578947;602.736842105263;"-";"muddy_sand";"-";0;5;0;0;0;0;"-";"N";"N";20;0.193;17.33;"muddy";"muddy";NA;NA;NA;NA;NA;NA;NA;NA;NA;NA;NA;NA;NA;NA;NA;NA
"2443";199;252.269249787737;45.5357121975759;625;991;1058;1234;1199;1225;1228;1187;1023;1042;707;"-";"mud";"uca";0;0;0;10;100;0;"H";"N";"N";20;0.008;48.85;"muddy_uca";"muddy-with-FBA";NA;NA;NA;NA;NA;NA;NA;NA;NA;NA;NA;NA;NA;NA;NA;NA
"2442";200;128.586757174062;125.75281769765;631.089605734767;996.430107526882;1072.01075268817;1276.27956989247;1265.1146953405;1265.76702508961;1286.80286738351;1288.06810035842;1054.06093189964;899.258064516129;575.706093189964;"-";"muddy_sand";"-";30;1;0;0;0;0;"-";"N";"N";13;3.09;18.03;"muddy";"muddy";NA;NA;NA;NA;NA;NA;NA;NA;NA;NA;NA;NA;NA;NA;NA;NA
"2416";201;157.866492483551;125.475116811217;714.438775510204;1100.12755102041;1134.29591836735;1390.5612244898;1351.35204081633;1358.28571428571;1391.75510204082;1389.67346938776;1131.96428571429;937.331632653061;586.831632653061;"wet";"sandy_mud";"-";30;0;0;0;0;0;"-";"S";"N";8;1.978;NA;"muddy";"muddy";NA;NA;NA;NA;NA;NA;NA;NA;NA;NA;NA;NA;NA;NA;NA;NA
"2566";202;151.36575179282;182.872843804903;594;864;964.5;1111;1119.5;1100.5;1128.5;1135.5;1004;1007.5;671.5;"wet";"sandy_mud";"uca";10;0;0;20;100;0;"H";"N";"N";20;0.031;NA;"muddy_uca";"muddy-with-FBA";NA;NA;NA;NA;NA;NA;NA;NA;NA;NA;NA;NA;NA;NA;NA;NA
"2504";203;216.035615894533;157.551361351981;385.354632587859;702.121405750799;814.05750798722;953.888178913738;923.127795527157;912.172523961661;942.674121405751;963.884984025559;816.674121405751;938.421725239617;621.23642172524;NA;NA;NA;NA;NA;NA;NA;NA;NA;NA;NA;NA;NA;NA;NA;NA;NA;"-";"mud";"uca";0;0;0;5;100;0;"H";"N";"N";3.09;52.76;"muddy_uca";"muddy-with-FBA"
"44";204;181.781018523998;128.786865484376;727.631578947368;1175.47368421053;1228.5;1416.13157894737;1413.25;1350.52631578947;1387.31578947368;1432.76315789474;1309.78947368421;1225.71052631579;763.434210526316;NA;NA;NA;NA;NA;NA;NA;NA;NA;NA;NA;NA;NA;NA;NA;NA;NA;"wet";"sand";"-";15;0;0;0;0;0;"-";"N";"N";0.773;3.69;"sandy";"sandy"
"2532";205;129.757567638913;130.848699354871;535.8125;911.916666666667;1000.08333333333;1245.625;1168.64583333333;1193.35416666667;1238.35416666667;1266.89583333333;1064.58333333333;908.791666666667;543.270833333333;NA;NA;NA;NA;NA;NA;NA;NA;NA;NA;NA;NA;NA;NA;NA;NA;NA;"wet";"sand";"-";20;0;0;0;0;0;"-";"N";"N";0.494;6.17;"wet_sandy";"sandy"
"2399";206;123.04872157024;134.889926834989;1011.36363636364;1531.63636363636;1650.18181818182;1952.18181818182;1788;1781.27272727273;1849;1884.81818181818;1414.63636363636;2056.54545454545;1495.36363636364;NA;NA;NA;NA;NA;NA;NA;NA;NA;NA;NA;NA;NA;NA;NA;NA;NA;"dry";"beach_sand_uca";"uca";0;0;0;0;100;0;"M";"N";"N";0.124;1.55;"beach_sand";"sandy-with-FBA"
"2366";207;200.552569745426;150.917746334217;557.552941176471;950.729411764706;964.658823529412;1183.07058823529;1141.36470588235;1136.67058823529;1168.25882352941;1205.89411764706;1020.31764705882;1035.18823529412;680.894117647059;NA;NA;NA;NA;NA;NA;NA;NA;NA;NA;NA;NA;NA;NA;NA;NA;NA;"dry";"sand";"-";0;0;0;0;0;0;NA;"N";"N";3.926;4.55;"sandy";"sandy"
"8D2";208;233.598621873305;155.561487841174;554.333333333333;928.666666666667;978.666666666667;1196.66666666667;1148.66666666667;1132.33333333333;1161;1219.33333333333;1015;1065;701;NA;NA;NA;NA;NA;NA;NA;NA;NA;NA;NA;NA;NA;NA;NA;NA;NA;"dry";"muddy_sand";"uca";0;0;0;0;80;0;"M";"N";"N";0.213;9.5;"sandy_uca";"sandy-with-FBA"
"2601";209;193.371430884586;108.579827619829;790.25;1203.5;1184.5;1416;1382;1365.5;1418.5;1421.5;1200;1029;631;NA;NA;NA;NA;NA;NA;NA;NA;NA;NA;NA;NA;NA;NA;NA;NA;NA;"wet";"beach_sand";"-";1;1;0;0;0;0;"-";"N";"N";0.07;2.5;"beach_sand";"sandy"
"2415";210;212.739087924769;162.38044868377;466;833;916;1108;1081;1113;1106;1113;569;962;629;NA;NA;NA;NA;NA;NA;NA;NA;NA;NA;NA;NA;NA;NA;NA;NA;NA;"-";"sandy_mud";"uca";0;0;0;0;100;0;"H";"N";"N";0.008;36.66;"muddy_uca";"muddy-with-FBA"
"42";211;161.781080778188;136.989592844964;706.567567567568;1078.0990990991;1122.9009009009;1380.21621621622;1338.6036036036;1354.97297297297;1386.10810810811;1383.46846846847;1129.13513513514;937.603603603604;580.072072072072;NA;NA;NA;NA;NA;NA;NA;NA;NA;NA;NA;NA;NA;NA;NA;NA;NA;"-";"muddy_sand";"-";40;1;0;1;0;0;"-";"S";"N";1.112;15.2;"muddy";"muddy"
"2575";212;195.538679707147;149.713085909614;624.375;975.375;1063;1239.25;1214.375;1202.875;1252.75;1261.5;876.25;955.125;604.125;NA;NA;NA;NA;NA;NA;NA;NA;NA;NA;NA;NA;NA;NA;NA;NA;NA;"wet";"sandy_mud";"-";30;2;0;5;0;0;"-";"S";"N";0.193;20.41;"muddy";"muddy"
"2427";213;175.807411574891;121.596496506063;1003.82051282051;1416.38974358974;1492.71794871795;1645.97948717949;1598.54871794872;1548.4;1600.45128205128;1667.25641025641;1634.99487179487;1915.70256410256;1351.42051282051;NA;NA;NA;NA;NA;NA;NA;NA;NA;NA;NA;NA;NA;NA;NA;NA;NA;"dry";"beach_sand_uca";"uca";0;0;0;0;100;0;"M";"N";"N";1.978;3.04;"beach_sand";"sandy-with-FBA"
"2361";214;182.431361263343;153.028891368758;538.181818181818;883.818181818182;930.818181818182;1088.36363636364;1059.90909090909;1036.45454545455;1065.72727272727;1112.18181818182;908;972.727272727273;629.454545454545;NA;NA;NA;NA;NA;NA;NA;NA;NA;NA;NA;NA;NA;NA;NA;NA;NA;"dry";"sand";"uca";0;0;0;0;100;0;"M";"N";"N";0.103;8.02;"sandy_uca";"sandy-with-FBA"
"2358";215;171.474872434511;139.572931125993;585;926.7;968;1135;1120.05;1114.6;1139.8;1169.75;998.55;887.8;566.1;NA;NA;NA;NA;NA;NA;NA;NA;NA;NA;NA;NA;NA;NA;NA;NA;NA;"wet";"muddy_sand";"macroalgae";40;10;0;0;0;30;"-";"N";"N";0.216;9.65;"wet_sandy";"sandy"
"2360";216;171.632557205553;124.9324536186;543.544217687075;903.636054421769;930.489795918367;1105.9387755102;1078.15306122449;1053.91156462585;1093.39455782313;1114.97619047619;917.275510204082;954.448979591837;605.547619047619;NA;NA;NA;NA;NA;NA;NA;NA;NA;NA;NA;NA;NA;NA;NA;NA;NA;"wet";"sand";"-";30;2;0;0;0;0;"-";"N";"N";3.09;2.03;"wet_sandy";"sandy"
"2357";217;211.970847896642;166.091514216706;365.538461538462;691.277591973244;815.327759197324;924.66889632107;913.896321070234;885.157190635451;917.056856187291;930.307692307692;781.832775919732;884.755852842809;582.729096989967;NA;NA;NA;NA;NA;NA;NA;NA;NA;NA;NA;NA;NA;NA;NA;NA;NA;"-";"mud";"uca";5;0;0;10;100;0;"H";"N";"N";3.09;41.1;"muddy_uca";"muddy-with-FBA"
"2375";218;193.338352024856;163.201133773847;714.25;1025.75;1056;1282;1263;1286;1309;1292;1056;1001;681;NA;NA;NA;NA;NA;NA;NA;NA;NA;NA;NA;NA;NA;NA;NA;NA;NA;"wet";"sandy_mud";"-";30;0;0;1;0;0;"-";"N";"N";0.031;30.81;"muddy";"muddy"
"2367";219;122.481708941641;142.377239668956;664.37037037037;1012.03703703704;1046.85185185185;1249.7037037037;1208.11111111111;1218.96296296296;1241.59259259259;1278.74074074074;1076.85185185185;1010.18518518519;629.074074074074;NA;NA;NA;NA;NA;NA;NA;NA;NA;NA;NA;NA;NA;NA;NA;NA;NA;"wet";"sand";"-";50;1;0;0;0;0;"-";"N";"N";0.278;6.26;"wet_sandy";"sandy"
"2393";220;129.627915558207;90.2814616960736;673.857142857143;1017.57142857143;1082.85714285714;1252.57142857143;1229;1232.14285714286;1267;1266.71428571429;1127;981.571428571429;632.571428571429;NA;NA;NA;NA;NA;NA;NA;NA;NA;NA;NA;NA;NA;NA;NA;NA;NA;"wet";"muddy_sand";"-";40;1;0;0;0;0;"-";"S";"N";0.07;16.74;"muddy";"muddy"
"uca9.23_9.27";221;128.567226720341;125.610828889544;625.666666666667;964.333333333333;988.666666666667;1154;1122.33333333333;1118.66666666667;1144.66666666667;1178;1017;985.333333333333;623.333333333333;NA;NA;NA;NA;NA;NA;NA;NA;NA;NA;NA;NA;NA;NA;NA;NA;NA;"wet";"sand";"uca";3;10;0;0;100;0;"H";"N";"N";0.024;2.81;"sandy_uca";"sandy-with-FBA"
"2515";222;214.966576933347;196.786335659014;420.1;724.35;858.95;1009.575;980.275;957.15;1002.6;1030;913.9;976.675;649.475;NA;NA;NA;NA;NA;NA;NA;NA;NA;NA;NA;NA;NA;NA;NA;NA;NA;"-";"mud";"uca";5;0;0;3;100;0;"H";"N";"N";0.379;48.44;"muddy_uca";"muddy-with-FBA"
"2549";223;175.635856362665;133.501782196941;616.666666666667;980.333333333333;975.333333333333;1266.66666666667;1246.66666666667;1305.33333333333;1311;1304.33333333333;1029;1059.66666666667;685;NA;NA;NA;NA;NA;NA;NA;NA;NA;NA;NA;NA;NA;NA;NA;NA;NA;"-";"mud";"green_macroalgae";10;0;0;0;0;75;"-";"S";"N";0.031;69.33;"muddy";"muddy"
"2556";224;215.738907096942;137.117433032197;615.090909090909;953.454545454545;988.727272727273;1287.09090909091;1238.36363636364;1286.18181818182;1298.27272727273;1297.36363636364;1095.09090909091;1029.18181818182;663.545454545455;NA;NA;NA;NA;NA;NA;NA;NA;NA;NA;NA;NA;NA;NA;NA;NA;NA;"-";"mud";"green_macroalgae";10;0;0;0;0;60;"-";"S";"N";0.124;44.79;"muddy";"muddy"
"2565";225;172.317371781817;148.833704463932;684.285714285714;1022.57142857143;1048;1161.14285714286;1180.28571428571;1126;1166.85714285714;1166.85714285714;737.857142857143;890.571428571429;596.285714285714;NA;NA;NA;NA;NA;NA;NA;NA;NA;NA;NA;NA;NA;NA;NA;NA;NA;"dry";"sand";"-";15;0;0;0;0;0;"-";"N";"N";0.07;1.2;"sandy";"sandy"
"2563";226;217.570019820733;135.694317739169;774.942307692308;1099.26923076923;1130.30769230769;1296.42307692308;1304.76923076923;1286.11538461538;1311.84615384615;1285.5;1078.03846153846;971.230769230769;643.057692307692;NA;NA;NA;NA;NA;NA;NA;NA;NA;NA;NA;NA;NA;NA;NA;NA;NA;"wet";"sandy_mud";"-";15;0;0;10;0;0;"-";"N";"N";0.494;20.36;"muddy";"muddy"
"2435";227;100.946362682453;100.978196293149;679.324675324675;1039.19480519481;1097.35064935065;1282.85714285714;1270.35064935065;1260.92207792208;1288.49350649351;1296.20779220779;1095.45454545455;1023.75324675325;659.623376623377;NA;NA;NA;NA;NA;NA;NA;NA;NA;NA;NA;NA;NA;NA;NA;NA;NA;"-";"muddy_sand";"-";20;2;0;0;0;0;"-";"N";"N";0.773;13.22;"muddy";"muddy"
"2567";228;176.835848093599;124.207178900337;561;882.625;988.875;1124.25;1126.25;1123.75;1143;1139.5;1004;1017.75;665.75;NA;NA;NA;NA;NA;NA;NA;NA;NA;NA;NA;NA;NA;NA;NA;NA;NA;"wet";"sandy_mud";"uca";10;0;0;10;100;0;"H";"N";"N";0.07;NA;"muddy_uca";"muddy-with-FBA"
